Plot ,Range ,Column ,LeafLength1,Leafwidht1,LeafLength2,Leafwidht2,EarHeight1,FlafLeafH1,TasselTopHeight1,EarHeight2,FlafLeafH2,TasselTopHeight2,HighestPoint1,HighestPoint2,,,Notes: If the column you are filling in is empty on the physical sheet,, put: N/A,, if you cannot read the number that is written,, put: XXX and use the pink highlighter to mark it on the paper.,,,,,,,Highest point was measured only when 1) tassel top was not the highest point or 2) tassel top couldn't be seen clearly.
1001,2,3,69.5,8.5,67,8.6,83,168,200,80,170,201,,,,,,,,,,
1002,2,4,73,8.6,73.2,9.5,88,150,182,83,160,190,,,,,,,,,,
1003,2,5,71,9,77.5,9,78,150,185,80,164,198,,,,,,,,,,
1004,2,6,65.5,9.5,69.5,9.3,85,150,183,80,150,183,,,,,,,,,,
1005,2,7,63.2,9,60,9,60,140,175,60,150,180,,,,,,,,,,
1006,2,8,70.5,8.5,69.5,8.7,76,145,179,68,150,182,,,,,,,,,,
1007,2,9,67,9.1,71,8.4,78,150,189,78,148,183,,,,,,,,,,
1008,2,10,74,8.4,66.5,8.7,80,144,183,67,151,189,,,,,,,,,,
1009,2,11,64,9,65.5,8.5,70,152,184,68,148,181,,,,,,,,,,
1010,2,12,69,8.5,66,8.7,60,141,180,60,144,180,,,,,,,,,,
1011,2,13,70.5,8.1,71,8.8,70,148,187,70,146,183,,,,,,,,,,
1012,2,14,73,9.3,78.3,8.7,80,170,201,70,160,191,,,,,,,,,,
1013,2,15,66,9.5,66,8.8,57,141,180,54,138,171,,,,,,,,,,
1014,2,16,73.5,8.7,75,8.2,78,153,185,65,150,180,,,,,,,,,,
1015,2,17,65.5,9.3,73,9,70,156,194,74,161,198,,,,,,,,,,
1016,2,18,67.7,8.5,69,8.5,64,133,169,60,143,180,,,,,,,,,,
1017,2,19,67,8.5,66.7,8.7,60,146,180,62,158,191,,,,,,,,,,
1018,2,20,68,8.6,70.5,8.7,67,152,186,58,147,180,,,,,,,,,,
1019,2,21,71.5,7.5,75,8,55,157,200,63,157,200,,,,,,,,,,
1020,2,22,78,7.5,81,7.7,61,142,182,60,162,200,,,,,,,,,,
1021,2,23,85,9.6,88,7.4,93,172,220,92,160,200,,,,,,,,,,
1022,2,24,84.5,7.7,88,7.1,85,179,212,90,170,210,,,,,,,,,,
1023,2,25,62,7.5,66,8,108,177,210,92,162,200,,,,,,,,,,
1024,2,26,85.3,10,93,40.5,N/A,N/A,N/A,N/A,N/A,N/A,,,,,,,,,,
1025,2,27,73,7,75,8.4,60,160,198,60,157,190,,,,,,,,,,
1026,2,28,79.5,6.5,79,7.1,110,170,200,100,167,200,,,,,,,,,,
1027,2,29,80.5,7.8,79.5,8,78,179,210,83,189,227,,,,,,,,,,
1028,2,30,88.5,7.6,86,7,69,160,205,70,170,212,,,,,,,,,,
1029,2,31,81,7.5,83,8.1,N/A,N/A,N/A,N/A,N/A,N/A,,,,,,,,,,
1030,2,32,111,6,110,6.7,N/A,N/A,N/A,N/A,N/A,N/A,,,,,,,,,,
1031,2,33,67.5,7.2,69,7.1,51,149,181,52,144,178,,,,,,,,,,
1032,2,34,94.2,7.2,85,6.5,N/A,N/A,N/A,N/A,N/A,N/A,,,,,,,,,,
1033,2,35,81,7.4,76.5,7.3,78,170,220,97,162,210,,,,,,,,,,
1034,2,36,73.6,11.5,71.5,11.7,N/A,N/A,N/A,N/A,N/A,N/A,,,,,,,,,,
1035,2,36,74,8.7,72.5,8.5,N/A,N/A,N/A,N/A,N/A,N/A,,,,,,,,,,
1036,3,38,84.5,7.3,77,7,N/A,N/A,N/A,N/A,N/A,N/A,,,,,,,,,,
1037,2,39,83.5,7.5,84.5,7.5,N/A,N/A,N/A,N/A,N/A,N/A,,,,,,,,,,
1038,2,40,72,9.4,71.8,8.4,N/A,N/A,N/A,N/A,N/A,N/A,,,,,,,,,,
1039,2,41,83,8,87,8,N/A,N/A,N/A,N/A,N/A,N/A,,,,,,,,,,
1040,2,42,68,6.5,67,6.5,60,142,186,63,130,176,,,,,,,,,,
1041,2,43,66.2,7.9,71.5,7.8,40,140,185,44,146,190,,,,,,,,,,
1042,2,44,77,8.5,77,7.8,N/A,N/A,N/A,N/A,N/A,N/A,,,,,,,,,,
1043,2,45,72,9.7,70,8.8,70,122,160,60,130,170,,,,,,,,,,
1044,2,46,70.5,7.5,72.3,7,70,144,168,64,130,153,,,,,,,,,,
1045,2,47,N/A,N/A,N/A,N/A,N/A,N/A,N/A,N/A,N/A,N/A,,,,,,,,,,
1046,2,48,69,6.5,75,6.2,N/A,N/A,N/A,N/A,N/A,N/A,,,,,,,,,,
1047,2,49,60,8,70.5,8.5,N/A,N/A,N/A,N/A,N/A,N/A,,,,,,,,,,
1048,2,50,74.5,7.6,79,6.5,N/A,N/A,N/A,N/A,N/A,N/A,,,,,,,,,,
1049,2,51,77.5,8.5,74.5,6.7,73,145,180,70,140,171,,,,,,,,,,
1050,2,52,42,6,43,6.5,N/A,N/A,N/A,N/A,N/A,N/A,,,,,,,,,,
1051,2,53,72,8.5,74.5,7.8,65,155,203,63,150,199,,,,,,,,,,
1052,2,54,70.5,7,72,7.5,78,159,191,80,170,206,,,,,,,,,,
1053,2,55,N/A,N/A,N/A,N/A,N/A,N/A,N/A,N/A,N/A,N/A,,,,,,,,,,
1054,2,56,60,10.2,67,10,N/A,N/A,N/A,N/A,N/A,N/A,,,,,,,,,,
1055,2,57,72,8.2,73.9,8.9,80,139,165,85,135,168,,,,,,,,,,
1056,3,3,71.5,7,73,6.8,80,175,214,78,155,190,,,,,,,,,,
1057,3,4,83,7.5,85,7.1,104,172,211,89,170,210,,,,,,,,,,
1058,3,5,83.5,10,84,9.7,82,150,188,84,160,201,,,,,,,,,,
1059,3,6,69,8.7,70.2,8.5,68,150,192,69,153,190,,,,,,,,,,
1060,3,7,93,8.5,88.5,8.6,90,168,210,79,163,195,,,,,,,,,,
1061,3,8,78,7.6,74,7.5,50,158,195,50,153,190,,,,,,,,,,
1062,3,9,86,8.4,72.5,6.4,113,158,192,112,160,190,,,,,,,,,,
1063,3,10,69.5,5.3,74,5.6,70,149,181,68,130,160,,,,,,,,,,
1064,3,11,69.1,6.5,68,7,89,162,200,86,159,194,,,,,,,,,,
1065,3,12,75,5.5,69,5.7,81,145,180,91,145,182,,,,,,,,,,
1066,3,13,66.5,8.4,63.2,8.5,65,140,179,70,146,182,,,,,,,,,,
1067,3,14,67.5,7.5,72,8.5,55,142,184,62,140,182,,,,,,,,,,
1068,3,15,N/A,N/A,N/A,N/A,N/A,N/A,N/A,N/A,N/A,N/A,,,,,,,,,,
1069,3,16,78.7,7.1,74,6.8,72,141,188,65,144,186,,,,,,,,,,
1070,3,17,76,8.5,80,7,82,130,160,82,108,162,,,,,,,,,,
1071,3,18,94.5,7,96.4,6.5,92,150,188,98,150,192,,,,,,,,,,
1072,3,19,72,9.3,67,8.2,49,149,190,41,149,197,,,,,,,,,,
1073,3,20,71,8,76.3,7.5,90,162,200,90,165,195,,,,,,,,,,
1074,3,21,68.7,9,62,8,82,100,200,70,163,193,,,,,,,,,,
1075,3,22,75.5,7,68.5,6.4,60,179,210,56,157,191,,,,,,,,,,
1076,3,23,80,7.6,80,6.6,91,156,200,96,164,220,,,,,,,,,,
1077,3,24,70,8.1,75.2,8,72,160,192,85,172,200,,,,,,,,,,
1078,3,25,72,5.4,73,6.4,103,157,183,110,150,183,,,,,,,,,,
1079,3,26,89,8.4,100,9.7,100,150,190,110,150,200,200,203,,,,,,,,
1080,3,27,65,8.1,72,7.7,60,167,210,63,170,215,,,,,,,,,,
1081,3,28,83.5,7.6,81,8,110,178,213,100,173,211,,,,,,,,,,
1082,3,29,80.5,7.3,83.5,7.6,100,183,229,100,185,226,,,,,,,,,,
1083,3,30,85.5,8.3,93,7,82,161,212,90,169,220,,,,,,,,,,
1084,3,31,76,9.8,73.5,9,57,148,193,49,152,200,,,,,,,,,,
1085,3,32,86.3,9,82.8,8.5,76,165,210,80,162,198,,,,,,,,,,
1086,3,33,71.5,9,71.5,9.4,94,153,188,80,157,194,,,,,,,,,,
1087,3,34,73.5,9,77.5,9,82,160,203,85,164,200,,,,,,,,,,
1088,3,35,80,8.5,83,7.6,87,175,211,95,187,230,,,,,,,,,,
1089,3,36,88.5,8.4,94,8.8,102,153,182,113,160,190,,,,,,,,,,
1090,3,37,79,6.7,82,7.3,90,149,196,95,150,190,,,,,,,,,,
1091,3,38,82,6.8,81,6.3,101,164,200,90,169,209,,,,,,,,,,
1092,3,39,72.5,9.5,73.5,8.7,110,191,230,105,190,230,,,,,,,,,,
1093,3,40,70.5,9.5,69,9.4,99,195,235,87,180,220,,,,,,,,,,
1094,3,41,76,8.8,75.8,8.7,80,182,227,78,163,201,,,,,,,,,,
1095,3,42,65,8,70,9,74,162,198,90,163,198,,,,,,,,,,
1096,3,43,79,7,79,6.5,80,163,215,89,169,218,,,,,,,,,,
1097,3,44,70,8,75.5,7.5,68,143,187,70,148,190,,,,,,,,,,
1098,3,45,71.4,8.2,72.4,7.5,69,143,172,68,150,185,,,,,,,,,,
1099,3,46,74.6,8,80.2,7,71,131,166,71,131,169,,,,,,,,,,
1100,3,47,N/A,N/A,N/A,N/A,N/A,135,170,N/A,120,152,,,,,,,,,,
1101,3,48,N/A,N/A,N/A,N/A,N/A,102,130,N/A,N/A,132,,,,,,,,,,
1102,3,49,N/A,N/A,N/A,N/A,72,128,165,N/A,112,142,,,,,,,,,,
1103,3,50,N/A,N/A,N/A,N/A,N/A,N/A,,N/A,N/A,,122,130,,,,,,,,
1104,3,51,N/A,N/A,N/A,N/A,N/A,N/A,,N/A,N/A,,158,163,,,,,,,,
1105,3,52,72,7,70,7.7,62,138,162,52,130,160,,,,,,,,,,
1106,3,53,74.6,7.7,73.5,8.2,82,146,182,88,159,190,,,,,,,,,,
1107,3,54,68,6.7,74.5,9.6,60,140,186,80,141,190,,,,,,,,,,
1108,3,55,N/A,N/A,N/A,N/A,57,156,197,58,153,194,,,,,,,,,,
1109,3,56,67,8.5,75,8.3,50,135,182,43,127,170,,,,,,,,,,
1110,3,57,78,8.2,74,7.9,78,142,177,80,140,181,,,,,,,,,,
1111,4,3,65.7,8.6,62,8.1,80,129,220,87,159,192,,,,,,,,,,
1112,4,4,70.5,8.7,78.5,8.9,87,120,157,100,130,170,,,,,,,,,,
1113,4,5,75.5,8,70,7.8,70,164,202,70,171,210,,,,,,,,,,
1114,4,6,79.5,8,78.5,6.3,91,169,209,90,164,201,,,,,,,,,,
1115,4,7,83.5,8,83.2,8.3,N/A,150,190,N/A,148,190,,,,,,,,,,
1116,4,8,61.5,9.9,67.7,7.6,78,140,173,70,130,165,,,,,,,,,,
1117,4,9,N/A,N/A,N/A,N/A,N/A,142,170,N/A,138,170,,,,,,,,,,
1118,4,10,67.5,7.5,66,9,69,135,179,60,141,177,,,,,,,,,,
1119,4,11,85.6,7.8,85.5,7.5,62,143,187,62,143,190,,,,,,,,,,
1120,4,12,N/A,N/A,N/A,N/A,N/A,N/A,,N/A,N/A,,160,163,,,,,,,,
1121,4,13,76.7,6.3,78.2,7.3,90,154,195,88,144,190,,,,,,,,,,
1122,4,14,77.5,7.7,75,7,78,145,192,80,148,186,,,,,,,,,,
1123,4,15,N/A,N/A,N/A,N/A,xxx,xxx,160,N/A,114,150,,,,,,,,,,
1124,4,16,70.3,6,74,7.6,73,130,165,78,140,168,,,,,,,,,,
1125,4,17,N/A,N/A,N/A,N/A,N/A,143,N/A,N/A,130,N/A,190,190,,,,,,,,
1126,4,18,79.7,6.8,74,5.8,80,152,190,90,162,198,,,,,,,,,,
1127,4,19,66.1,6.2,70.9,8.2,50,140,181,59,139,173,,,,,,,,,,
1128,4,20,N/A,N/A,N/A,N/A,73,160,195,68,158,193,,,,,,,,,,
1129,4,21,57,10,63,8.8,112,165,200,110,158,147,,,,,,,,,,
1130,4,22,69.1,7.9,73.7,8.1,109,162,205,116,175,220,,,,,,,,,,
1131,4,23,77,8.1,77,9,75,149,193,90,149,200,,,,,,,,,,
1132,4,24,N/A,N/A,N/A,N/A,80,167,210,89,169,203,,,,,,,,,,
1133,4,25,83,8.5,82,7.8,80,170,213,88,169,203,,,,,,,,,,
1134,4,26,83.5,8.7,86.6,7.8,73,158,193,78,162,197,,,,,,,,,,
1135,4,27,68.4,6.7,73,7,65,152,189,80,149,190,,,,,,,,,,
1136,4,28,160,9.6,87.5,9.8,80,165,217,83,160,210,,,,,,,,,,
1137,4,29,81.5,7.5,83,7.5,87,179,214,76,171,216,,,,,,,,,,
1138,4,30,76.2,7.5,82,7.5,92,172,220,100,176,220,,,,,,,,,,
1139,4,31,80.5,9.5,78.6,8.5,82,162,190,80,161,200,,,,,,,,,,
1140,4,32,66,9.1,66.5,8.5,78,150,181,70,149,189,,,,,,,,,,
1141,4,33,76,8.9,77,9.3,91,186,221,83,128,217,,,,,,,,,,
1142,4,34,72.5,8.4,70,7.9,90,170,213,100,180,220,,,,,,,,,,
1143,4,35,60,8.1,62.1,9,70,145,186,80,133,170,,,,,,,,,,
1144,4,36,80,9,85.5,8.3,60,159,197,65,164,214,,,,,,,,,,
1145,4,37,68.3,7.7,61.5,8.6,80,171,220,90,160,200,,,,,,,,,,
1146,4,38,75,6,83,6.3,90,180,230,100,190,239,,,,,,,,,,
1147,4,39,87,6.2,78.7,7,70,190,229,60,180,235,,,,,,,,,,
1148,4,40,81,7.4,76.5,7.4,105,170,209,81,172,216,,,,,,,,,,
1149,4,41,N/A,N/A,N/A,N/A,78,179,220,90,165,205,,,,,,,,,,
1150,4,42,85.5,7.9,95,9,102,172,211,85,161,200,,,,,,,,,,
1151,4,53,N/A,N/A,N/A,N/A,89,171,220,90,165,205,,,,,,,,,,
1152,4,44,81.2,8.5,80,8.7,60,186,229,78,155,190,,,,,,,,,,
1153,4,45,86.3,8,86.5,8.5,67,140,185,67,150,191,,,,,,,,,,
1154,4,46,N/A,N/A,N/A,N/A,N/A,126,143,N/A,127,150,,,,,,,,,,
1155,4,47,N/A,N/A,N/A,N/A,N/A,N/A,,N/A,N/A,,137,142,,,,,,,,
1156,4,48,N/A,N/A,N/A,N/A,N/A,N/A,,N/A,N/A,,112,126,,,,,,,,
1157,4,49,76,8.5,75.5,7.6,69,120,158,73,135,177,,,,,,,,,,
1158,4,50,N/A,N/A,N/A,N/A,N/A,N/A,,N/A,N/A,,157,158,,,,,,,,
1159,4,51,77,8,75.5,8.5,70,148,180,69,148,184,,,,,,,,,,
1160,4,52,74,8.6,76,8.6,72,140,180,73,137,166,,,,,,,,,,
1161,4,53,68.5,9,N/A,N/A,78,158,200,N/A,148,183,,,,,,,,,,
1162,4,54,82,6.6,80,5.9,90,140,162,83,138,160,,,,,,,,,,
1163,4,55,78,8.5,69,8.5,80,178,230,90,170,217,,,,,,,,,,
1164,4,56,79,7.2,75.5,6.2,80,144,180,83,160,200,,,,,,,,,,
1165,4,57,74.5,7.7,74.3,8.2,N/A,N/A,N/A,N/A,N/A,N/A,192,190,,,,,,,,
1166,5,3,85.2,8.4,92,9,120,185,235,91,198,249,,,,,,,,,,
1167,5,4,80,8,87,7.5,N/A,180,203,N/A,160,182,,,,,,,,,,
1168,5,5,71,8,74,7.5,50,152,200,66,160,210,,,,,,,,,,
1169,5,6,83,8.5,74,8.7,100,179,221,90,179,221,,,,,,,,,,
1170,5,7,69.5,7,74,7,N/A,192,223,N/A,172,203,,,,,,,,,,
1171,5,8,N/A,N/A,N/A,N/A,87,152,180,80,143,170,,,,,,,,,,
1172,5,9,71,6.9,76.8,6.8,90,167,196,86,164,206,,,,,,,,,,
1173,5,10,97.5,6.3,N/A,N/A,70,130,170,N/A,128,170,,,,,,,,,,
1174,5,11,85,9.4,82.4,5.7,82,165,210,80,150,190,,,,,,,,,,
1175,5,12,N/A,N/A,N/A,N/A,N/A,N/A,N/A,N/A,N/A,N/A,180,173,,,,,,,,
1176,5,13,70,8.4,77,8,93,170,210,90,163,210,,,,,,,,,,
1177,5,14,81.5,7.5,85,7,N/A,130,170,N/A,150,180,,,,,,,,,,
1178,5,15,N/A,N/A,N/A,N/A,N/A,160,203,N/A,163,210,,,,,,,,,,
1179,5,16,105.6,6.3,68.2,6.1,80,171,206,81,173,201,,,,,,,,,,
1180,5,17,N/A,N/A,N/A,N/A,N/A,N/A,N/A,N/A,N/A,N/A,190,210,,,,,,,,
1181,5,18,60.5,8.4,64.5,8.3,70,141,174,71,140,171,,,,,,,,,,
1182,5,19,83,6,80,5,90,152,190,N/A,148,188,,,,,,,,,,
1183,5,20,79,6.8,86.5,8,101,189,222,69,149,184,,,,,,,,,,
1184,5,21,N/A,N/A,N/A,N/A,N/A,N/A,N/A,N/A,N/A,N/A,158,163,,,,,,,,
1185,5,22,77.6,8,75,7.6,N/A,100,N/A,N/A,120,N/A,140,150,,,,,,,,
1186,5,23,82,9,85,8.1,100,182,222,100,175,220,,,,,,,,,,
1187,5,24,64,9.3,83.7,7.1,70,140,172,68,162,199,,,,,,,,,,
1188,5,25,71.5,10.3,75,10.7,110,182,213,120,178,220,,,,,,,,,,
1189,2,26,N/A,N/A,N/A,N/A,N/A,160,190,N/A,158,200,,,,,,,,,,
1190,5,27,91.5,10.3,83,9.7,80,162,203,92,178,205,,,,,,,,,,
1191,5,28,74,6.6,78.5,8,72,195,246,70,170,218,,,,,,,,,,
1192,5,29,88.2,10,85.5,9,110,175,200,113,184,223,,,,,,,,,,
1193,5,30,71.8,10.5,81.5,10.5,112,178,210,102,178,200,,,,,,,,,,
1194,5,31,79.7,7,80.3,7.5,80,164,210,70,162,210,,,,,,,,,,
1195,5,32,85.6,11,93,10.6,123,190,240,113,190,245,,,,,,,,,,
1196,5,33,N/A,N/A,N/A,N/A,69,140,176,62,140,172,,,,,,,,,,
1197,5,34,N/A,N/A,N/A,N/A,53,126,170,52,130,172,,,,,,,,,,
1198,5,35,74.1,9.2,78,8.7,69,155,200,78,156,200,,,,,,,,,,
1199,5,36,76.5,8.2,81,7.6,72,142,180,70,153,181,,,,,,,,,,
1200,5,37,99,5.9,85,6,67,165,190,50,145,169,,,,,,,,,,
1201,5,38,N/A,N/A,N/A,N/A,70,162,203,60,145,181,,,,,,,,,,
1202,5,39,N/A,N/A,N/A,N/A,50,121,167,60,120,160,,,,,,,,,,
1203,5,40,67,5.9,68,4.7,42,129,158,50,115,140,,,,,,,,,,
1204,5,41,60,8.4,63,8.7,79,111,140,79,122,151,,,,,,,,,,
1205,5,42,60,6.3,59,5.8,50,130,175,50,140,181,,,,,,,,,,
1206,5,43,N/A,N/A,N/A,N/A,49,108,137,58,116,151,,,,,,,,,,
1207,5,44,N/A,N/A,N/A,N/A,40,130,173,35,128,171,,,,,,,,,,
1208,5,45,69.2,7,54,5.1,52,119,151,39,110,141,,,,,,,,,,
1209,5,46,69.5,7.6,74.3,8,50,100,129,51,108,137,,,,,,,,,,
1210,5,47,80,9.4,79,9,55,105,140,50,108,149,,,,,,,,,,
1211,5,48,59.2,7.6,59.2,7,52,118,161,50,112,151,,,,,,,,,,
1212,5,49,61.5,7.5,62.5,8.2,55,119,161,50,129,169,,,,,,,,,,
1213,5,50,72,8,68,7.2,49,115,149,62,119,150,,,,,,,,,,
1214,5,51,63,7.7,57.5,6.6,60,120,150,60,121,169,,,,,,,,,,
1215,5,52,73.1,8.4,73.5,8,90,142,171,80,143,178,,,,,,,,,,
1216,5,53,80,8.6,78.2,8.8,71,148,188,70,158,181,,,,,,,,,,
1217,5,54,65.7,7.8,62,7.6,60,118,149,69,111,145,,,,,,,,,,
1218,5,55,65.5,9.4,62.5,8.3,60,145,189,55,137,180,,,,,,,,,,
1219,5,56,78.5,8,78.5,7.4,50,135,173,62,156,170,,,,,,,,,,
1220,5,57,75,7.4,74.4,7.7,70,137,171,70,140,179,,,,,,,,,,
1221,6,3,73,6.5,81,6,59,140,179,50,198,249,,,,,,,,,,
1222,6,4,84,6.2,80.5,6.7,87,145,182,73,135,170,,,,,,,,,,
1223,6,5,77,7,74,6.7,60,146,179,61,130,169,,,,,,,,,,
1224,6,6,70.7,7.7,73,7.7,110,143,187,151,170,198,,,,,,,,,,
1225,6,7,75,7.1,87,7.7,72,160,200,75,160,200,,,,,,,,,,
1226,6,8,62.5,7.7,62.5,7.5,56,128,64,60,120,160,,,,,,,,,,
1227,6,9,75.5,6.4,74,6,92,153,170,83,151,188,,,,,,,,,,
1228,6,10,63,7,81.5,7,54,120,150,63,112,146,,,,,,,,,,
1229,6,11,71,6.5,72,6.5,38,119,150,51,100,128,,,,,,,,,,
1230,6,12,66.5,6.4,65,6,103,130,171,72,149,190,,,,,,,,,,
1231,6,13,76,7,72,6.6,52,133,170,61,132,168,,,,,,,,,,
1232,6,14,88.3,6.5,62.3,6.3,40,139,168,48,139,179,,,,,,,,,,
1233,6,15,80,5.7,74,5,90,148,188,80,145,172,,,,,,,,,,
1234,6,16,74,7.4,67.4,6.4,72,146,176,101,140,170,,,,,,,,,,
1235,6,17,68.5,8.4,71,9,60,160,192,100,152,189,,,,,,,,,,
1236,6,18,68.5,7.7,78,7.8,73,152,190,70,153,190,,,,,,,,,,
1237,6,19,73,8.4,72.1,8.5,81,131,176,91,139,180,,,,,,,,,,
1238,6,20,79.7,6.3,73,7,80,149,181,80,140,176,,,,,,,,,,
1239,6,21,67.5,6.5,71,7.4,52,121,170,49,120,167,,,,,,,,,,
1240,6,22,83,6.6,81,7.8,45,138,183,48,148,180,,,,,,,,,,
1241,6,23,75,7.5,77,7.5,63,149,185,60,153,196,,,,,,,,,,
1242,6,24,77,7.7,68,8,65,140,175,67,141,180,,,,,,,,,,
1243,6,25,76,6,74.5,6.5,65,140,185,61,136,179,,,,,,,,,,
1244,6,26,77.5,9.8,82,9.6,79,163,200,80,161,199,,,,,,,,,,
1245,6,27,77,6.5,78.5,6.1,78,150,180,71,153,189,,,,,,,,,,
1246,6,28,70,7.8,68,7.5,66,141,190,62,152,192,,,,,,,,,,
1247,6,29,86.5,7.5,87.5,6.8,65,154,198,80,153,210,,,,,,,,,,
1248,6,30,64.5,7.7,69.2,8,35,130,168,30,125,165,,,,,,,,,,
1249,6,31,80,9.1,84,8.7,70,168,211,61,169,209,,,,,,,,,,
1250,6,32,79.5,8.4,84,7.2,100,180,223,90,172,212,,,,,,,,,,
1251,6,32,69.2,7.7,70.8,7,62,138,179,60,130,169,,,,,,,,,,
1252,6,34,72.6,7.1,62.5,7.1,63,150,186,62,139,170,,,,,,,,,,
1253,6,35,81,9,78.4,8.8,81,162,210,100,161,203,,,,,,,,,,
1254,6,36,N/A,N/A,N/A,N/A,60,161,210,100,160,203,,,,,,,,,,
1255,6,37,70,5.1,73,4.9,50,139,175,51,135,165,,,,,,,,,,
1256,6,38,N/A,N/A,N/A,N/A,50,141,180,50,140,170,,,,,,,,,,
1257,6,39,N/A,N/A,N/A,N/A,49,130,169,39,129,166,,,,,,,,,,
1258,6,40,84,5.2,90.5,7.5,80,135,167,90,140,180,,,,,,,,,,
1259,6,41,78.3,8.8,76,9.4,42,130,174,86,110,159,,,,,,,,,,
1260,6,42,86.1,8.4,81,7.8,81,150,182,90,161,199,,,,,,,,,,
1261,6,43,69,8.2,65.5,8.4,42,122,156,40,111,140,,,,,,,,,,
1262,6,44,81.2,7.7,78,7.9,63,150,190,72,141,182,,,,,,,,,,
1263,6,45,N/A,N/A,N/A,N/A,84,149,193,80,139,180,,,,,,,,,,
1264,6,46,N/A,N/A,N/A,N/A,40,120,160,41,130,165,,,,,,,,,,
1265,6,47,60,7.7,53,7.7,45,100,155,46,99,135,,,,,,,,,,
1266,6,48,64,6.4,62,8,55,104,124,44,102,134,,,,,,,,,,
1267,6,49,66,7.5,63,7.3,40,132,140,56,119,147,,,,,,,,,,
1268,6,50,73.6,7.7,76,7.7,59,132,167,59,130,164,,,,,,,,,,
1269,6,51,80,8.7,74,9,54,130,180,57,132,178,,,,,,,,,,
1270,6,52,66,9,68.5,8.7,49,125,158,50,121,152,,,,,,,,,,
1271,6,53,N/A,N/A,N/A,N/A,61,139,180,60,130,176,,,,,,,,,,
1272,6,54,N/A,N/A,N/A,N/A,N/A,N/A,N/A,N/A,N/A,N/A,,,,,,,,,,
1273,6,55,N/A,N/A,N/A,N/A,69,139,180,60,130,175,,,,,,,,,,
1274,6,56,69.2,7.9,44.4,7.9,70,136,169,76,134,165,,,,,,,,,,
1275,6,57,91.5,6.6,94,6.7,70,135,170,75,131,173,,,,,,,,,,
1276,7,3,82.4,7.7,84,7.8,92,165,180,82,173,222,,,,,,,,,,
1277,7,4,76,7.7,79,7,82,171,210,90,173,209,,,,,,,,,,
1278,7,5,63.2,8.5,68.5,8.4,50,156,190,55,148,190,,,,,,,,,,
1279,7,6,74,7.5,74.5,7.4,90,135,130,90,130,170,,,,,,,,,,
1280,7,7,78.6,9.5,74,8,50,141,178,43,124,165,,,,,,,,,,
1281,7,8,62.6,8,58.7,8,79,151,196,80,140,182,,,,,,,,,,
1282,7,9,76.2,7,76.8,7.1,85,159,191,83,155,194,,,,,,,,,,
1283,7,10,71.8,5.1,70.3,6.1,61,150,178,62,144,175,,,,,,,,,,
1284,7,11,67.7,8.7,66.1,6.8,33,127,171,30,140,185,,,,,,,,,,
1285,7,12,N/A,N/A,N/A,N/A,N/A,N/A,N/A,N/A,N/A,N/A,153,160,,,,,,,,
1286,7,13,64,7.5,63,N/A,52,127,165,52,140,180,,,,,,,,,,
1287,7,14,65.5,7.7,60,6,65,112,148,50,128,162,,,,,,,,,,
1288,7,15,47.1,4.6,49.5,5.5,31,101,128,29,N/A,100,,,,,,,,,,
1289,7,16,70,7,74,7,53,120,150,50,122,150,,,,,,,,,,
1290,7,17,61,8.4,65.5,8.7,43,130,170,40,136,175,,,,,,,,,,
1291,7,18,N/A,N/A,N/A,N/A,42,132,169,33,145,169,,,,,,,,,,
1292,7,19,78.5,9.7,76.7,9,49,124,160,50,111,147,,,,,,,,,,
1293,7,20,63.9,7.2,54.1,7.1,60,121,161,70,121,160,,,,,,,,,,
1294,7,21,67.7,6.6,66,6.8,55,120,159,56,130,171,,,,,,,,,,
1295,7,22,N/A,N/A,N/A,N/A,82,130,170,N/A,120,160,,,,,,,,,,
1296,7,23,73,8.6,76,9,63,148,180,63,140,171,,,,,,,,,,
1297,7,24,82.5,7.5,79.5,7.6,86,140,170,70,142,169,,,,,,,,,,
1298,7,25,N/A,N/A,N/A,N/A,105,150,180,N/A,N/A,N/A,,160,,,,,,,,
1299,7,26,N/A,N/A,N/A,N/A,N/A,162,193,N/A,160,200,210,210,,,,,,,,
1300,7,27,87.3,7.2,86.1,6.8,100,170,210,93,173,219,,,,,,,,,,
1301,7,28,75,7,75,6.8,72,150,202,92,159,200,,,,,,,,,,
1302,7,29,86,7.5,82.5,7.1,102,180,220,93,179,218,,,,,,,,,,
1303,7,30,82,7.7,80,7.5,60,125,149,50,120,145,,,,,,,,,,
1304,7,31,N/A,N/A,N/A,N/A,70,138,178,61,130,164,,,,,,,,,,
1305,7,32,56.5,7.3,55,8.2,43,100,120,30,110,139,,,,,,,,,,
1306,7,33,82,8.1,83.5,6.1,90,123,178,95,124,170,,,,,,,,,,
1307,7,34,60,7.8,67.3,7.2,100,130,160,79,122,153,,,,,,,,,,
1308,7,35,55.5,7,54.5,8,43,92,133,38,102,140,,,,,,,,,,
1309,7,36,85.3,7.6,94.7,7.3,63,123,160,68,128,170,,,,,,,,,,
1310,7,37,74.3,7.2,76.2,7.8,60,123,160,68,128,170,,,,,,,,,,
1311,7,38,N/A,N/A,N/A,N/A,44,113,155,48,110,150,,,,,,,,,,
1312,7,39,50.8,8.2,49.5,8.8,42,108,141,40,112,142,,,,,,,,,,
1313,7,40,N/A,N/A,N/A,N/A,62,131,163,55,128,168,,,,,,,,,,
1314,7,41,84,7.2,71.5,6.5,60,105,152,65,90,120,,,,,,,,,,
1315,7,42,62,6.3,60,5.2,31,99,128,35,99,129,,,,,,,,,,
1316,7,43,73.2,7.2,76,8,96,135,170,80,138,171,,,,,,,,,,
1317,7,44,79,8.1,83.9,7.8,40,100,120,51,102,130,,,,,,,,,,
1318,7,45,N/A,N/A,N/A,N/A,37,95,129,39,107,141,,,,,,,,,,
1319,7,46,58,9,60,7.8,27,90,131,52,101,140,,,,,,,,,,
1320,7,47,57,8.5,58.8,7.8,55,100,137,49,108,140,,,,,,,,,,
1321,7,48,68,6.5,63,5.5,20,70,101,30,70,105,,,,,,,,,,
1322,7,49,65.5,8,65,6.8,45,90,112,32,91,117,,,,,,,,,,
1323,7,50,70,8.6,69.3,8.8,70,126,171,73,122,150,,,,,,,,,,
1324,7,51,63,6.5,59,6.1,50,95,130,56,100,132,,,,,,,,,,
1325,7,52,67,8,74,8.5,60,120,160,35,120,160,,,,,,,,,,
1326,7,53,78,7.3,77.5,7.3,100,143,171,95,150,182,,,,,,,,,,
1327,7,54,68,6.8,71,7,42,110,155,42,110,158,,,,,,,,,,
1328,7,55,59,9,63,8,70,120,160,118,120,150,,,,,,,,,,
1329,7,56,67.5,9.5,66,7.5,74,150,184,72,143,181,,,,,,,,,,
1330,7,57,N/A,N/A,N/A,N/A,44,135,178,50,140,181,,,,,,,,,,
1331,8,3,82.5,7.7,82.5,7.3,82,175,220,81,180,219,,,,,,,,,,
1332,8,4,63,8.7,64,8.3,64,147,180,61,140,170,,,,,,,,,,
1333,8,5,63,8.7,64,8.3,64,147,180,61,140,170,,,,,,,,,,
1334,8,6,67.6,9.1,70.4,9.2,60,148,160,71,155,190,,,,,,,,,,
1335,8,7,N/A,N/A,N/A,N/A,40,113,159,40,116,160,,,,,,,,,,
1336,8,8,70.1,9.6,76.6,10.7,55,110,141,62,115,150,,,,,,,,,,
1337,8,9,71.5,9.3,76.5,9.1,67,139,171,70,140,173,,,,,,,,,,
1338,8,10,79.9,7.9,78.1,7.3,81,152,188,80,146,188,,,,,,,,,,
1339,8,11,62,6.5,53.5,6.1,37,120,155,40,120,144,,,,,,,,,,
1340,8,12,71,7,77,6.4,45,125,160,61,113,153,,,,,,,,,,
1341,8,13,N/A,N/A,N/A,N/A,50,115,157,47,118,149,,,,,,,,,,
1342,8,14,66,8.6,65,8.7,60,132,167,53,132,165,,,,,,,,,,
1343,8,15,72,6,71.5,5.7,60,138,175,60,119,152,,,,,,,,,,
1344,8,16,N/A,N/A,N/A,N/A,N/A,86,110,N/A,92,120,,,,,,,,,,
1345,8,17,58,8,59,7.6,63,142,178,51,139,172,,,,,,,,,,
1346,8,18,69.5,6.5,71,6.7,40,115,147,32,112,144,,,,,,,,,,
1347,8,19,70.5,6.9,71,6,58,119,150,60,128,160,,,,,,,,,,
1348,8,20,79.5,8.5,88,6.7,82,132,173,72,110,150,,,,,,,,,,
1349,8,21,59.8,7,59.8,6.8,50,129,159,51,135,169,,,,,,,,,,
1350,8,22,N/A,N/A,N/A,N/A,50,129,159,51,135,169,,,,,,,,,,
1351,8,23,61.5,7.5,50,8,30,114,149,36,111,149,,,,,,,,,,
1352,8,24,73.3,8.5,76.3,8.1,47,117,153,52,121,158,,,,,,,,,,
1353,8,25,N/A,N/A,N/A,N/A,N/A,203,237,N/A,212,250,,,,,,,,,,
1354,8,26,N/A,N/A,N/A,N/A,N/A,203,238,N/A,202,238,,,,,,,,,,
1355,8,27,N/A,N/A,N/A,N/A,N/A,180,210,N/A,180,210,,,,,,,,,,
1356,8,28,N/A,N/A,N/A,N/A,106,200,245,118,198,237,,,,,,,,,,
1357,8,29,92.9,10.6,96.9,8.7,120,199,237,100,211,250,,,,,,,,,,
1358,8,30,83,8.3,90.5,7.7,117,183,219,110,182,220,,,,,,,,,,
1359,8,31,73,10.5,69.5,8.8,70,144,200,63,150,205,,,,,,,,,,
1360,8,32,72,9.7,78,10,130,183,222,132,190,232,,,,,,,,,,
1361,8,33,78,8.5,81.5,8.1,99,174,217,102,179,219,,,,,,,,,,
1362,8,34,89,10.3,97,8.4,92,185,231,110,190,232,,,,,,,,,,
1363,8,35,81,8.6,83.5,9,115,210,260,113,190,237,,,,,,,,,,
1364,8,36,84,7.7,85,8,120,192,224,130,210,243,,,,,,,,,,
1365,8,37,80.3,7.4,82.4,8.1,80,151,190,90,156,190,,,,,,,,,,
1366,8,38,72.3,8.1,72.5,8,62,153,193,58,149,185,,,,,,,,,,
1367,8,39,79.9,7,76,7.5,107,158,191,118,180,218,,,,,,,,,,
1368,8,40,53.5,7.7,57.5,8,96,178,220,68,174,219,,,,,,,,,,
1369,8,41,N/A,N/A,N/A,N/A,N/A,N/A,N/A,N/A,N/A,N/A,190,180,,,,,,,,
1370,8,42,61.5,7.4,62,7.5,40,95,124,43,102,134,,,,,,,,,,
1371,8,43,N/A,N/A,N/A,N/A,N/A,N/A,N/A,N/A,N/A,N/A,170,182,,,,,,,,
1372,8,44,N/A,N/A,N/A,N/A,N/A,154,190,N/A,160,190,,,,,,,,,,
1373,8,45,N/A,N/A,N/A,N/A,103,152,190,110,164,200,,,,,,,,,,
1374,8,46,78.6,8.3,75.6,8.4,82,132,168,82,135,173,,,,,,,,,,
1375,8,47,N/A,N/A,N/A,N/A,96,130,160,90,120,160,,,,,,,,,,
1376,8,48,N/A,N/A,N/A,N/A,N/A,N/A,N/A,N/A,N/A,N/A,180,175,,,,,,,,
1377,8,49,N/A,N/A,N/A,N/A,N/A,N/A,N/A,N/A,N/A,N/A,160,172,,,,,,,,
1378,8,50,76.5,9.5,80,9.7,100,162,210,90,178,218,,,,,,,,,,
1379,8,51,68.5,6.5,81,6.5,73,128,168,N/A,128,167,,,,,,,,,,
1380,8,52,55,7.1,60,7.8,80,152,176,77,155,180,,,,,,,,,,
1381,8,53,44.5,8.2,58.3,8.6,80,140,180,78,143,180,,,,,,,,,,
1382,8,54,59,9,57,7.8,63,140,180,70,135,178,,,,,,,,,,
1383,8,55,65.1,9.2,60.3,7.7,65,160,204,60,140,185,,,,,,,,,,
1384,8,56,62,8,62.3,8.7,70,153,200,70,151,198,,,,,,,,,,
1385,8,57,64,8.4,71.5,8.5,70,159,202,70,163,210,,,,,,,,,,
2001,9,3,66.1,8.5,61,9,67,168,217,65,165,211,,,,,,,,,,
2002,9,4,65,8.5,63,7.8,60,148,197,70,162,203,,,,,,,,,,
2003,9,5,63,9,58,8.5,75,161,220,60,159,207,,,,,,,,,,
2004,9,6,65,8.4,62.7,8.7,78,161,208,74,147,195,,,,,,,,,,
2005,9,7,65,8.9,60,9,72,159,202,80,160,203,,,,,,,,,,
2006,9,8,59,8.3,67,8.8,78,160,202,75,160,205,,,,,,,,,,
2007,9,9,64,8.7,58,8,73,152,199,80,160,206,,,,,,,,,,
2008,9,10,61.6,8.3,56,7.3,70,150,195,67,150,195,,,,,,,,,,
2009,9,11,62,7.7,57.3,8,80,160,201,62,149,201,,,,,,,,,,
2010,9,12,61,8,64.2,7.3,60,159,200,78,157,200,,,,,,,,,,
2011,9,13,62.5,9,58,8.8,79,154,200,65,150,192,,,,,,,,,,
2012,9,14,60,8.1,57,7.4,75,157,201,80,145,201,,,,,,,,,,
2013,9,15,59.5,8.1,58,7.8,70,152,195,63,159,201,,,,,,,,,,
2014,9,16,56,7.6,61,8.5,55,153,196,54,148,190,,,,,,,,,,
2015,9,17,60.3,8.6,64,8,70,151,194,69,150,191,,,,,,,,,,
2016,9,18,68.5,9,62,8.7,59,155,200,64,160,208,,,,,,,,,,
2017,9,19,62,7.4,61.6,8.7,68,150,190,59,143,195,,,,,,,,,,
2018,9,20,57,6.7,65,7.2,71,150,195,70,158,200,,,,,,,,,,
2019,9,21,83,7.5,73.5,8,120,180,220,122,182,220,,,,,,,,,,
2020,9,22,84,7,82.5,7.8,91,192,238,77,183,224,,,,,,,,,,
2021,9,23,N/A,N/A,N/A,N/A,N/A,N/A,N/A,N/A,N/A,N/A,230,210,,,,,,,,
2022,9,24,81,9.7,86,9.4,113,188,230,120,192,240,,,,,,,,,,
2023,9,25,74.5,8,81.5,7,88,188,220,88,172,211,,,,,,,,,,
2024,9,26,79.3,9,95.2,9.5,81,166,217,85,182,231,,,,,,,,,,
2025,9,27,N/A,N/A,N/A,N/A,N/A,173,216,N/A,182,220,,,,,,,,,,
2026,9,28,N/A,N/A,N/A,N/A,N/A,N/A,N/A,N/A,N/A,N/A,240,230,,,,,,,,
2027,9,29,81,9.7,92,8.5,100,220,270,80,205,250,,,,,,,,,,
2028,9,30,N/A,N/A,N/A,N/A,N/A,N/A,250,N/A,N/A,250,,,,,,,,,,
2029,9,31,77,8.4,81,7.4,78,181,221,80,189,230,,,,,,,,,,
2030,9,32,65.6,8,66,7.3,62,129,161,55,115,150,,,,,,,,,,
2031,9,33,76.5,6.7,72.5,6,100,175,217,110,185,225,,,,,,,,,,
2032,9,34,83.5,7.7,83.5,8,100,179,220,92,181,220,,,,,,,,,,
2033,9,35,79.5,7.5,81.2,6.2,70,140,183,70,141,194,,,,,,,,,,
2034,9,36,80,7,84,7,108,161,190,94,123,170,,,,,,,,,,
2035,9,37,85.1,9,73.1,9.4,81,172,214,92,190,227,,,,,,,,,,
2036,9,38,N/A,N/A,N/A,N/A,120,165,208,108,178,203,,,,,,,,,,
2037,9,39,80,8.5,82,8,115,180,231,108,168,209,,,,,,,,,,
2038,9,40,N/A,N/A,N/A,N/A,N/A,N/A,N/A,N/A,N/A,N/A,196,210,,,,,,,,
2039,9,41,78.5,8.3,82.4,8.3,80,140,180,81,140,186,,,,,,,,,,
2040,9,42,N/A,N/A,N/A,N/A,N/A,N/A,N/A,N/A,N/A,N/A,,,,,,,,,,
2041,9,43,N/A,N/A,N/A,N/A,N/A,N/A,N/A,N/A,N/A,N/A,170,190,,,,,,,,
2042,9,44,N/A,N/A,N/A,N/A,N/A,N/A,N/A,N/A,N/A,N/A,,,,,,,,,,
2043,9,45,61,7.5,60,7.8,69,143,161,70,142,163,,,,,,,,,,
2044,9,46,N/A,N/A,N/A,N/A,N/A,N/A,170,N/A,N/A,178,,,,,,,,,,
2045,9,47,N/A,N/A,N/A,N/A,N/A,N/A,N/A,N/A,N/A,N/A,,,,,,,,,,
2046,9,48,67,9.3,65.4,10.3,109,158,188,110,162,195,,,,,,,,,,
2047,9,49,69,7.7,74.5,9.2,84,177,213,89,145,180,,,,,,,,,,
2048,9,50,N/A,N/A,N/A,N/A,85,148,182,83,158,198,,,,,,,,,,
2049,9,51,N/A,N/A,N/A,N/A,N/A,N/A,N/A,N/A,N/A,N/A,,,,,,,,,,
2050,9,52,62.5,7.3,66.5,6,60,132,166,60,129,160,,,,,,,,,,
2051,9,53,62.6,7,60.1,6.7,50,120,160,55,130,160,,,,,,,,,,
2052,9,54,68,7,69,7,80,142,175,75,134,161,,,,,,,,,,
2053,9,55,77,8.3,72,8,64,149,180,69,152,190,,,,,,,,,,
2054,9,56,76.5,7,76.5,8,60,135,170,60,132,174,,,,,,,,,,
2055,9,57,77,7.6,70.5,7.8,91,188,220,73,161,200,,,,,,,,,,
2056,10,3,69,4.3,67,3.4,58,140,172,60,135,170,,,,,,,,,,
2057,10,4,77.1,8,75,8.2,44,150,195,40,140,190,,,,,,,,,,
2058,10,5,76,7.5,82,6.7,60,151,190,50,141,180,,,,,,,,,,
2059,10,6,86,7.6,83.5,7.4,N/A,N/A,170,N/A,N/A,160,,,,,,,,,,
2060,10,7,76.1,7.4,74,7.3,56,133,182,58,137,186,,,,,,,,,,
2061,10,8,80.1,9.5,72.2,9.7,83,175,220,60,138,173,,,,,,,,,,
2062,10,9,70,7.5,70,8.6,55,139,179,48,137,176,,,,,,,,,,
2063,10,10,72.1,7.6,74,7,70,151,200,68,150,195,,,,,,,,,,
2064,10,11,57.5,8,63.5,8.5,55,122,169,40,130,168,,,,,,,,,,
2065,10,12,62,6.3,70,6.6,60,135,181,42,124,171,,,,,,,,,,
2066,10,13,74.6,6.7,78.2,6.6,60,145,177,72,155,182,,,,,,,,,,
2067,10,14,72,9.5,71,9.4,62,150,198,50,123,166,,,,,,,,,,
2068,10,15,56,8,61,8,48,137,178,46,131,172,,,,,,,,,,
2069,10,16,66.6,6.4,76,6.2,66,138,180,76,140,178,,,,,,,,,,
2070,10,17,54.5,7.3,56.5,7.5,50,130,170,46,130,170,,,,,,,,,,
2071,10,18,60.1,7.5,54,8,55,130,161,52,136,170,,,,,,,,,,
2072,10,19,75,6.7,65.5,7,65,146,188,69,148,190,,,,,,,,,,
2073,10,20,73.5,8.5,73.2,8.6,55,149,191,60,146,199,,,,,,,,,,
2074,10,21,68,7.5,60,7.7,40,132,160,30,119,159,,,,,,,,,,
2075,10,22,70,6.4,70.5,6.7,64,142,185,60,135,180,,,,,,,,,,
2076,10,23,63.5,8.8,62,8,82,142,178,80,145,175,,,,,,,,,,
2077,10,24,76,7,79,7.1,70,140,183,58,141,190,,,,,,,,,,
2078,10,25,69,6.5,71.5,6.6,75,148,182,70,140,181,,,,,,,,,,
2079,10,26,65.7,6,69.3,7.5,60,141,176,62,139,177,,,,,,,,,,
2080,10,27,81.6,7.5,78.5,7.5,80,178,220,93,181,225,,,,,,,,,,
2081,10,28,70,6,69.7,6,60,140,172,58,146,180,,,,,,,,,,
2082,10,29,67.5,7.7,74,8,85,177,220,80,170,217,,,,,,,,,,
2083,10,30,84,7,82.7,6.7,90,160,200,80,154,197,,,,,,,,,,
2084,10,31,74,8,70.5,8.5,80,170,208,80,167,207,,,,,,,,,,
2085,10,32,67,8,61.5,7.5,67,164,210,69,150,200,,,,,,,,,,
2086,10,33,82,8.4,76.8,9.4,61,141,190,58,141,190,,,,,,,,,,
2087,10,34,73.1,10.2,77.8,8.5,90,162,191,80,160,200,,,,,,,,,,
2088,10,35,64,8.4,68,8.5,68,133,165,60,129,162,,,,,,,,,,
2089,10,36,65,7.5,70,7.1,43,130,174,50,135,175,,,,,,,,,,
2090,10,37,70,6.2,67,6.3,37,94,127,43,108,140,,,,,,,,,,
2091,10,38,66,8,66.3,8.4,70,146,179,60,150,179,,,,,,,,,,
2092,10,39,59.5,6,53,5.6,50,105,130,52,108,137,,,,,,,,,,
2093,10,40,75.6,8,78.7,7.5,76,114,171,78,140,171,,,,,,,,,,
2094,10,41,71,8.7,76,8.7,57,135,179,55,147,172,,,,,,,,,,
2095,10,42,79,6.5,84,5.5,76,114,150,78,140,N/A,,,,,,,,,,
2096,10,43,72,7.6,74,7.5,58,110,135,62,102,124,,,,,,,,,,
2097,10,44,82,7,82.5,6,73,120,152,68,119,151,,,,,,,,,,
2098,10,45,65.1,7.8,65.3,7.3,49,120,150,51,122,151,,,,,,,,,,
2099,10,46,73.5,9,63.5,8.5,51,122,160,50,120,154,,,,,,,,,,
2100,10,47,57.5,8.7,64,7.8,60,131,170,68,131,170,,,,,,,,,,
2101,10,48,80.5,7,80,7.5,65,152,193,60,148,188,,,,,,,,,,
2102,10,49,79.5,7.1,80.1,6.5,50,140,176,60,147,180,,,,,,,,,,
2103,10,50,75,7.2,74,7.57,83,152,190,85,156,190,,,,,,,,,,
2104,10,51,69.1,7,69,7,53,120,161,60,134,171,,,,,,,,,,
2105,10,52,64,7.5,64,8,51,139,165,60,140,165,,,,,,,,,,
2106,10,53,64,7.8,59,7.4,55,118,150,55,117,152,,,,,,,,,,
2107,10,54,71,6.2,59,6.4,50,119,150,47,120,152,,,,,,,,,,
2108,10,55,67,7.5,69.5,7.6,71,152,191,54,140,184,,,,,,,,,,
2109,10,56,63,8.5,70.5,8.7,60,150,190,65,153,182,,,,,,,,,,
2110,10,57,90,8,91.5,8.3,84,135,180,92,145,186,,,,,,,,,,
2111,11,3,74,7.5,78,7.5,80,170,211,99,180,220,,,,,,,,,,
2112,11,4,N/A,N/A,N/A,N/A,N/A,N/A,N/A,N/A,N/A,N/A,,,,,,,,,,
2113,11,5,69,10,72,11.1,60,142,179,60,154,190,,,,,,,,,,
2114,11,6,111,8,97,7.5,75,152,198,80,150,191,,,,,,,,,,
2115,11,7,75,9,74.5,8.9,68,150,208,70,164,217,,,,,,,,,,
2116,11,8,86,8,85,7.5,52,135,170,59,150,188,,,,,,,,,,
2117,11,9,56.3,7.8,56.7,7.5,65,130,156,65,138,179,,,,,,,,,,
2118,11,10,N/A,N/A,N/A,N/A,N/A,N/A,165,N/A,N/A,164,,,,,,,,,,
2119,11,11,73.5,8,71,8.2,60,155,190,62,150,181,,,,,,,,,,
2120,11,12,57.5,7,56.6,8,50,130,160,40,129,162,,,,,,,,,,
2121,11,13,N/A,N/A,N/A,N/A,N/A,N/A,150,N/A,N/A,157,,,,,,,,,,
2122,11,14,85.5,8.5,79.5,9.5,60,122,153,62,122,160,,,,,,,,,,
2123,11,15,74,5.5,69,5,67,132,162,60,127,156,,,,,,,,,,
2124,11,16,74,8.2,69,7.5,90,148,192,82,130,172,,,,,,,,,,
2125,11,17,61.2,7.4,65,8.1,55,131,166,54,150,188,,,,,,,,,,
2126,11,18,72.5,7.5,82.5,7.2,62,165,210,72,178,221,,,,,,,,,,
2127,11,19,60.5,7.5,63,7.7,60,120,164,70,130,162,,,,,,,,,,
2128,11,20,70,7.1,74,7.7,68,160,194,71,146,180,,,,,,,,,,
2129,11,21,73.1,8.2,72,6.6,70,132,171,62,141,179,,,,,,,,,,
2130,11,22,80,6.5,72.1,6.6,70,168,210,70,165,210,,,,,,,,,,
2131,11,23,68.5,8.4,79.9,9.4,78,154,208,90,155,200,,,,,,,,,,
2132,11,24,N/A,N/A,N/A,N/A,113,165,190,118,175,213,213,220,,,,,,,,
2133,11,25,N/A,N/A,N/A,N/A,102,151,189,53,138,170,,,,,,,,,,
2134,11,26,86,7,77,6.7,88,159,200,90,167,210,,,,,,,,,,
2135,11,27,69.5,8.5,69,8.7,53,134,171,64,146,180,,,,,,,,,,
2136,11,28,67,8.2,70.5,9.1,61,125,160,55,132,160,,,,,,,,,,
2137,11,29,77,7.3,87,7.8,97,184,228,92,169,209,,,,,,,,,,
2138,11,30,84,8.5,82,7.8,63,162,200,55,145,181,,,,,,,,,,
2139,11,31,67,8,63,8,60,145,190,49,138,179,,,,,,,,,,
2140,11,32,89,6.5,88,5.5,75,170,198,78,155,186,,,,,,,,,,
2141,11,33,73,8,76,8.4,76,150,181,72,143,180,,,,,,,,,,
2142,11,34,74.3,9.2,75,8.8,70,155,195,75,157,201,,,,,,,,,,
2143,11,35,70.5,8.4,66.5,8.3,80,145,186,70,138,182,,,,,,,,,,
2144,11,36,71.5,8.7,69.5,8.1,72,130,166,72,135,171,,,,,,,,,,
2145,11,37,69,8.4,65,8,56,141,180,52,147,181,,,,,,,,,,
2146,11,38,70,9,69.5,8.6,60,125,160,68,134,165,,,,,,,,,,
2147,11,39,57.2,8.3,62.8,7.5,43,130,165,40,130,161,,,,,,,,,,
2148,11,40,67,7.6,69,7.7,57,158,161,60,126,160,,,,,,,,,,
2149,11,41,66,7.5,60,7.7,50,101,148,52,115,145,,,,,,,,,,
2150,11,42,69,8.4,68,7.5,50,100,142,58,117,150,,,,,,,,,,
2151,11,43,69.5,9.5,75.5,8.7,82,125,160,72,123,160,,,,,,,,,,
2152,11,44,63,5.5,62,5.5,42,121,159,40,130,176,,,,,,,,,,
2153,11,45,73.5,6.1,70.5,7.5,63,129,160,55,130,159,,,,,,,,,,
2154,11,46,73,7.1,77,7.1,60,128,160,52,125,166,,,,,,,,,,
2155,11,47,80,9.4,78,8.8,71,153,197,63,155,195,,,,,,,,,,
2156,11,48,79.7,7.5,74,7.7,80,170,214,80,180,228,,,,,,,,,,
2157,11,49,N/A,N/A,N/A,N/A,N/A,N/A,N/A,N/A,N/A,N/A,180,200,,,,,,,,
2158,11,50,62,6.4,61,6.2,78,162,191,88,162,187,,,,,,,,,,
2159,11,51,N/A,N/A,N/A,N/A,N/A,157,180,N/A,145,182,,,,,,,,,,
2160,11,52,81.3,8,80.5,7.5,98,171,210,96,170,221,,,,,,,,,,
2161,11,53,N/A,N/A,N/A,N/A,N/A,N/A,N/A,N/A,N/A,N/A,182,210,,,,,,,,
2162,11,54,98,8.4,82.5,9.1,88,160,203,86,160,198,,,,,,,,,,
2163,11,55,N/A,N/A,N/A,N/A,N/A,N/A,220,N/A,N/A,N/A,220,220,,,,,,,,
2164,11,56,89.3,8.9,95,9.2,100,179,216,95,189,227,,,,,,,,,,
2165,11,57,86.1,8.6,79,8.5,106,182,237,95,189,242,,,,,,,,,,
2166,12,3,72.5,8.3,77.5,7.3,87,181,225,100,183,221,,,,,,,,,,
2167,12,4,82.5,8,80,8.2,108,193,230,88,201,241,,,,,,,,,,
2168,12,5,74,8.3,79,8,85,176,218,78,175,215,,,,,,,,,,
2169,12,6,95,8.1,75,8.1,72,194,243,100,190,245,,,,,,,,,,
2170,12,7,83,8.1,79.7,8.7,114,170,200,110,170,200,,,,,,,,,,
2171,12,8,93,8,88,7.5,110,201,240,110,190,230,,,,,,,,,,
2172,12,9,75.4,7.5,82.2,7.2,88,171,205,104,166,204,,,,,,,,,,
2173,12,10,84,10.5,81.2,10,93,160,205,84,155,194,,,,,,,,,,
2174,12,11,61.5,8.5,65,7.5,62,138,170,71,140,170,,,,,,,,,,
2175,12,12,78,9.7,72,9,112,180,213,112,170,205,,,,,,,,,,
2176,12,13,82,9,77.2,10.1,110,140,170,105,140,170,,,,,,,,,,
2177,12,14,70,10.1,67.5,11,109,151,183,112,148,170,,,,,,,,,,
2178,12,15,73.2,7.3,77,7.5,70,N/A,N/A,80,N/A,N/A,138,130,,,,,,,,
2179,12,16,78.5,8.5,75.8,7.8,80,147,180,82,162,200,,,,,,,,,,
2180,12,17,70,6.6,76.8,7,86,162,192,88,160,198,,,,,,,,,,
2181,12,18,82.3,8,77.5,8.5,96,177,220,83,183,230,,,,,,,,,,
2182,12,19,90,7.7,89.7,7,80,157,191,67,163,198,,,,,,,,,,
2183,12,20,N/A,N/A,N/A,N/A,N/A,N/A,N/A,N/A,N/A,N/A,173,180,,,,,,,,
2184,12,21,86,8.3,88,8.2,100,195,251,93,190,233,,,,,,,,,,
2185,12,22,N/A,N/A,N/A,N/A,N/A,N/A,190,N/A,N/A,185,,,,,,,,,,
2186,12,23,93,6.5,90.5,6.5,95,177,209,98,171,211,,,,,,,,,,
2187,12,24,74,8.4,69,8.1,90,180,221,70,174,221,,,,,,,,,,
2188,12,25,79.5,8.5,77,8.5,92,195,210,100,171,210,,,,,,,,,,
2189,12,26,78,9,75.5,8.1,90,152,200,88,161,209,,,,,,,,,,
2190,12,27,84,9,82,8.5,106,158,200,76,150,190,,,,,,,,,,
2191,12,28,97,7.6,89,8.5,71,180,231,88,180,228,,,,,,,,,,
2192,12,29,92,7.1,90.3,6.9,88,182,230,84,188,232,,,,,,,,,,
2193,12,30,73.5,7,69.5,7.5,135,212,250,130,206,268,,,,,,,,,,
2194,12,31,91,9,78.5,9.5,100,223,268,113,217,269,,,,,,,,,,
2195,12,32,86.5,7.5,82,6.9,79,190,230,100,189,240,,,,,,,,,,
2196,12,33,83,8.5,87,8.5,72,160,195,60,170,209,,,,,,,,,,
2197,12,34,N/A,N/A,N/A,N/A,N/A,163,178,N/A,165,188,,,,,,,,,,
2198,12,35,N/A,N/A,N/A,N/A,85,160,180,62,N/A,N/A,,,,,,,,,,
2199,12,36,85,8.7,85.5,9,92,130,160,88,120,150,,,,,,,,,,
2200,12,37,80,7.6,80,8.4,69,144,181,61,149,185,,,,,,,,,,
2201,12,38,72.4,8,71.5,9.5,60,144,185,72,140,179,,,,,,,,,,
2202,12,39,86,7.3,80,7,80,150,185,78,142,179,,,,,,,,,,
2203,12,40,81.5,8.1,80.5,7.8,53,148,190,50,140,180,,,,,,,,,,
2204,12,41,65,7.7,65,7.7,60,127,160,60,129,161,,,,,,,,,,
2205,12,42,72.5,8.7,72.1,8.1,65,120,150,50,130,167,,,,,,,,,,
2206,12,43,67.6,8.2,68,8,82,159,200,88,150,191,,,,,,,,,,
2207,12,44,72,7.5,74.5,8.2,68,140,180,63,140,179,,,,,,,,,,
2208,12,45,82,9.1,77,10.6,83,150,193,90,160,198,,,,,,,,,,
2209,12,46,83,6.6,80.5,6.7,70,147,190,62,153,196,,,,,,,,,,
2210,12,47,75.5,8.7,76,8.8,88,166,202,80,160,200,,,,,,,,,,
2211,12,48,68.7,7,68.9,7.5,51,140,179,50,152,189,,,,,,,,,,
2212,12,49,78,6.5,78.1,6.3,56,139,179,57,140,180,,,,,,,,,,
2213,12,50,83.5,7.7,78,7,79,128,163,81,130,170,,,,,,,,,,
2214,12,51,84,8.5,85.5,8.1,80,159,200,70,150,199,,,,,,,,,,
2215,12,52,84.3,7.5,83,7.7,78,161,202,73,160,202,,,,,,,,,,
2216,12,53,81,7.7,83,7.8,70,160,210,70,166,166,,,,,,,,,,
2217,12,54,72,8.5,71,8.5,70,156,199,60,150,190,,,,,,,,,,
2218,12,55,69.5,7,73.5,7,75,157,190,89,117,196,,,,,,,,,,
2219,12,56,94,8.5,96.2,8.5,103,160,200,110,163,206,,,,,,,,,,
2220,12,57,68.5,7.8,66,7.5,45,160,208,50,159,206,,,,,,,,,,
2221,13,3,81,8.1,88,7.8,N/A,166,195,103,170,211,,,,,,,,,,
2222,13,4,N/A,N/A,N/A,N/A,N/A,N/A,175,N/A,N/A,215,,,,,,,,,,
2223,13,5,91.5,8.5,86,8,88,176,211,85,181,215,,,,,,,,,,
2224,13,6,95.5,9,91,9,108,210,260,112,221,275,,,,,,,,,,
2225,13,7,68,8,75,8.7,88,176,223,79,180,220,,,,,,,,,,
2226,13,8,67,7.5,69,8,90,162,195,98,160,197,,,,,,,,,,
2227,13,9,71,6.5,67,7.5,77,160,191,88,168,200,,,,,,,,,,
2228,13,10,56,8.2,60.8,9.1,89,154,178,78,135,172,,,,,,,,,,
2229,13,11,75.6,7.1,72.7,7.5,63,162,210,58,166,210,,,,,,,,,,
2230,13,12,85,8.5,88,6,76,120,158,77,160,210,,,,,,,,,,
2231,13,13,64,8.6,64.8,9,80,135,180,75,142,180,,,,,,,,,,
2232,13,14,58,8.1,62,4.5,110,140,168,92,133,160,,,,,,,,,,
2233,13,15,75.5,10.5,80,10.5,83,138,170,90,140,170,,,,,,,,,,
2234,13,16,65.7,7.3,65.8,7.3,55,140,180,70,140,180,,,,,,,,,,
2235,13,17,67,6.3,77,6.4,78,144,200,75,160,208,,,,,,,,,,
2236,13,18,76,8.5,78,8.1,90,160,190,110,168,192,200,209,,,,,,,,
2237,13,19,81.1,7.9,80.5,7.9,92,161,200,90,162,200,,,,,,,,,,
2238,13,20,72,7,70.5,7.7,63,146,189,49,140,189,,,,,,,,,,
2239,13,21,82,6.5,76.5,6.3,95,186,230,90,172,220,,,,,,,,,,
2240,13,22,N/A,N/A,N/A,N/A,N/A,N/A,N/A,N/A,N/A,N/A,197,200,,,,,,,,
2241,13,23,70,7.1,67,6.8,62,170,206,57,170,193,,,,,,,,,,
2242,13,24,74.8,9,80,9.7,61,164,203,70,162,203,,,,,,,,,,
2243,13,25,81,7.8,87.5,8,92,176,220,92,167,202,,,,,,,,,,
2244,13,26,81.5,8,83.5,8,95,165,208,92,169,210,,,,,,,,,,
2245,13,27,N/A,N/A,N/A,N/A,N/A,N/A,N/A,N/A,N/A,N/A,210,208,,,,,,,,
2246,13,28,78,8.1,74,6.1,76,166,109,80,176,211,,,,,,,,,,
2247,13,29,84,8.1,81,7.3,75,191,228,78,182,220,,,,,,,,,,
2248,13,30,77.5,7,82,6.4,60,162,220,68,178,232,,,,,,,,,,
2249,13,31,79,7.5,81,7.7,97,168,210,90,170,212,,,,,,,,,,
2250,13,32,74.2,10.5,74,10.6,112,178,210,110,170,211,,,,,,,,,,
2251,13,33,79,7.5,72,8.2,89,150,182,87,155,184,,,,,,,,,,
2252,13,34,68.6,6.7,71,7.1,75,114,150,72,129,162,,,,,,,,,,
2253,13,35,71.2,9.2,71.5,9.6,60,124,169,50,120,162,,,,,,,,,,
2254,13,36,69.5,9.5,67,8.6,78,110,148,72,110,165,,,,,,,,,,
2255,13,37,65,8.1,65.6,8.2,74,118,150,60,100,140,,,,,,,,,,
2256,13,38,71.2,7.5,73,7.5,63,141,176,64,145,181,,,,,,,,,,
2257,13,39,81,7.2,84,7.5,80,145,181,73,140,181,,,,,,,,,,
2258,13,40,N/A,N/A,N/A,N/A,N/A,110,148,N/A,120,152,,,,,,,,,,
2259,13,41,N/A,N/A,N/A,N/A,N/A,N/A,N/A,N/A,N/A,N/A,150,142,,,,,,,,
2260,13,42,73,7,74.7,7.7,103,135,172,N/A,N/A,N/A,,170,,,,,,,,
2261,13,43,62.7,8,58.9,8.3,33,138,181,50,130,170,,,,,,,,,,
2262,13,44,79,8,74,7.7,79,130,173,71,121,156,,,,,,,,,,
2263,13,45,75.5,7.8,73,8,75,152,192,80,150,182,,,,,,,,,,
2264,13,46,82.6,8.6,89.5,8.5,83,150,190,90,158,192,,,,,,,,,,
2265,13,47,72,9.3,75,6.5,76,138,170,75,138,177,,,,,,,,,,
2266,13,48,74.5,8.4,61,8,85,152,201,78,161,203,,,,,,,,,,
2267,13,49,N/A,N/A,N/A,N/A,N/A,N/A,N/A,N/A,N/A,N/A,153,155,,,,,,,,
2268,13,50,70.8,7.3,68,7,68,151,185,80,150,187,,,,,,,,,,
2269,13,51,69,7.5,69,8.6,65,134,164,60,138,175,,,,,,,,,,
2270,13,52,68,8.4,68,8.3,78,172,231,65,178,230,,,,,,,,,,
2271,13,53,80,7.5,82,7.7,99,193,228,76,189,223,,,,,,,,,,
2272,13,54,83.5,8.6,78.5,8.5,82,160,200,85,166,200,,,,,,,,,,
2273,13,55,69.5,10.1,70,9.5,83,170,192,78,167,200,,,,,,,,,,
2274,13,56,81.5,7.8,76.6,8.2,62,159,190,67,149,182,,,,,,,,,,
2275,13,57,81,8.4,78,9.2,90,140,178,78,150,192,,,,,,,,,,
2276,14,3,79.2,8.8,78.2,8.5,42,132,168,60,158,195,,,,,,,,,,
2277,14,4,83,8.5,83,8.2,56,169,205,62,170,210,,,,,,,,,,
2278,14,5,75.5,9.6,74,9,60,182,230,63,190,232,,,,,,,,,,
2279,14,6,70.2,6.7,69.5,7.8,94,168,203,86,161,190,,,,,,,,,,
2280,14,7,88.15,7.5,83.5,6.7,110,162,208,125,166,206,,,,,,,,,,
2281,14,8,76,7.5,79,7.9,88,165,218,83,144,198,,,,,,,,,,
2282,14,9,68.3,8.5,66.8,8.1,55,170,219,61,165,217,,,,,,,,,,
2283,14,10,N/A,N/A,N/A,N/A,N/A,160,198,105,170,210,,,,,,,,,,
2284,14,11,69,8.5,65.9,8,84,161,198,93,171,200,,,,,,,,,,
2285,14,12,76.5,8.1,76.3,8,82,162,191,79,159,190,,,,,,,,,,
2286,14,13,79.1,8.5,80.7,7.8,102,145,180,103,145,180,,,,,,,,,,
2287,14,14,71.5,7.1,73,7.2,89,160,199,89,167,208,,,,,,,,,,
2288,14,15,73.5,6,80,6.5,80,157,193,78,160,199,,,,,,,,,,
2289,14,16,62,8.5,61,8.4,79,166,209,74,161,209,,,,,,,,,,
2290,14,17,83,7.5,80.7,7.5,55,150,200,62,150,198,,,,,,,,,,
2291,14,18,77,7.6,81,7.2,86,168,210,88,170,210,,,,,,,,,,
2292,14,19,80.4,7.3,80.5,6.6,70,162,196,72,168,197,,,,,,,,,,
2293,14,20,70.5,7.5,71.7,7.3,81,157,191,83,158,190,,,,,,,,,,
2294,14,21,79,7.5,74,7,80,170,219,78,168,290,,,,,,,,,,
2295,14,22,73.5,8.5,76,8,78,165,202,88,166,211,,,,,,,,,,
2296,14,23,53.4,6.2,67,6.2,60,145,180,58,150,188,,,,,,,,,,
2297,14,24,69,6,65.3,5.5,60,150,180,60,168,180,,,,,,,,,,
2298,14,25,80.5,8.5,80.5,7.5,108,178,210,103,180,230,,,,,,,,,,
2299,14,26,75.5,12.6,70,13.1,110,180,220,135,196,238,,,,,,,,,,
2300,14,27,86.3,8.5,86.3,8.1,102,175,211,100,165,192,,,,,,,,,,
2301,14,28,74,8.5,69,9.5,57,150,198,60,161,205,,,,,,,,,,
2302,14,29,82.4,7.7,79.5,8.4,80,170,206,82,180,220,,,,,,,,,,
2303,14,30,78.6,7.9,79.2,7.3,86,175,220,93,169,210,,,,,,,,,,
2304,14,31,65,9.4,72.5,8.6,60,149,189,58,145,185,,,,,,,,,,
2305,14,32,67.3,6.6,66.3,6.5,74,152,189,80,133,168,,,,,,,,,,
2306,14,33,69.6,5.3,69.8,5.4,60,119,150,68,130,170,,,,,,,,,,
2307,14,34,74.6,10.2,72,9.6,66,120,156,68,118,150,,,,,,,,,,
2308,14,35,68.3,7.1,68.5,7.5,92,134,165,78,148,181,,,,,,,,,,
2309,14,36,68,8.5,67.5,8.1,80,130,158,72,130,165,,,,,,,,,,
2310,14,37,71.8,8.2,78.2,8.5,57,134,172,63,134,170,,,,,,,,,,
2311,14,38,61,8.5,66,8.4,67,140,185,56,140,184,,,,,,,,,,
2312,14,39,N/A,N/A,N/A,N/A,113,160,180,N/A,N/A,N/A,,,,,,,,,,
2313,14,40,N/A,N/A,N/A,N/A,80,139,180,,132,171,,,,,,,,,,
2314,14,41,62,6,67,7,57,129,162,50,130,168,,,,,,,,,,
2315,14,42,N/A,N/A,N/A,N/A,60,138,166,N/A,124,158,,,,,,,,,,
2316,14,43,74.5,7.1,75.5,7.3,50,145,180,47,145,180,,,,,,,,,,
2317,14,44,65.8,8.9,68.5,8.8,74,147,179,65,145,178,,,,,,,,,,
2318,14,45,58,5.7,60,5.5,90,147,165,93,144,168,,,,,,,,,,
2319,14,46,87.7,10,51.5,9.3,76,155,182,72,155,183,,,,,,,,,,
2320,14,47,72,7.2,73.4,8,86,150,184,84,150,186,,,,,,,,,,
2321,14,48,77.5,7,77,7,90,147,180,88,140,178,,,,,,,,,,
2322,14,49,73,8.7,81.3,8.5,75,140,171,78,138,171,,,,,,,,,,
2323,14,50,63.5,6.6,66,6.5,54,138,170,57,140,172,,,,,,,,,,
2324,14,51,73,9,75,9.5,58,151,195,64,160,200,,,,,,,,,,
2325,14,52,80,9,76.5,9.4,110,158,198,110,162,198,,,,,,,,,,
2326,14,53,N/A,N/A,N/A,N/A,N/A,154,142,N/A,N/A,183,,,,,,,,,,
2327,14,54,84,7.6,85.5,7,90,145,180,90,140,175,,,,,,,,,,
2328,14,55,N/A,N/A,N/A,N/A,N/A,N/A,190,N/A,N/A,197,,,,,,,,,,
2329,14,56,66,9.5,66,9,80,160,200,78,160,200,,,,,,,,,,
2330,14,57,73,8.7,76.5,9.5,69,150,192,56,160,205,,,,,,,,,,
2331,15,3,57,6.5,56.6,8.6,45,110,145,47,112,146,,,,,,,,,,
2332,15,4,74.7,7.7,84.8,7.5,76,130,167,90,135,167,,,,,,,,,,
2333,15,5,66,7.1,70,7.5,60,118,156,64,117,148,,,,,,,,,,
2334,15,6,70,7,68.5,7,67,120,151,71,130,161,,,,,,,,,,
2335,15,7,69.5,7,76,6.8,42,105,152,50,119,161,,,,,,,,,,
2336,15,8,70.5,6.4,70,6.1,40,111,151,58,124,164,,,,,,,,,,
2337,15,9,78,7.5,83.2,7,96,175,210,90,173,210,,,,,,,,,,
2338,15,10,70,7.6,66.5,9.7,80,160,198,85,170,202,,,,,,,,,,
2339,15,11,85,7.4,79,7,52,117,151,63,115,157,,,,,,,,,,
2340,15,12,67,8.5,65,9.3,71,140,174,69,141,170,,,,,,,,,,
2341,15,13,78.6,7,68,7.8,88,175,213,89,161,200,,,,,,,,,,
2342,15,14,69,6.7,65,6.8,45,113,160,43,122,170,,,,,,,,,,
2343,15,15,42.5,7.3,50.5,6.8,48,119,144,43,110,140,,,,,,,,,,
2344,15,16,70,8.3,74,8.2,60,118,150,52,120,159,,,,,,,,,,
2345,15,17,56.5,6.5,55.6,7.5,41,121,158,38,112,144,,,,,,,,,,
2346,15,18,76,6.7,71,7.2,63,122,160,73,125,161,,,,,,,,,,
2347,15,19,82,8.8,81.8,7.5,60,110,140,53,105,137,,,,,,,,,,
2348,15,20,75.3,7,80,7.8,53,110,138,58,112,140,,,,,,,,,,
2349,15,21,80,7,78.5,7.5,75,165,197,83,178,212,,,,,,,,,,
2350,15,22,73,7,75,6.5,53,131,170,N/A,118,152,,,,,,,,,,
2351,15,23,63.8,7.2,63,7.3,61,142,180,58,150,184,,,,,,,,,,
2352,15,24,52.7,7.7,58.5,7.5,40,120,153,38,110,152,,,,,,,,,,
2353,15,25,62,7.1,62.1,7.5,40,119,146,58,128,160,,,,,,,,,,
2354,15,26,63,5,69,6.5,35,77,110,48,90,120,,,,,,,,,,
2355,15,27,77,7,78,7.5,58,130,170,58,121,168,,,,,,,,,,
2356,15,28,80.5,10.8,63,10.1,67,139,175,57,122,159,,,,,,,,,,
2357,15,29,74,9.7,71.7,9,82,160,200,72,154,190,,,,,,,,,,
2358,15,30,57,6,59,6.5,49,95,130,47,93,130,,,,,,,,,,
2359,15,31,56,8.4,52,8,36,100,137,40,100,135,,,,,,,,,,
2360,15,32,62.5,8.5,64,9,55,110,145,50,112,149,,,,,,,,,,
2361,15,33,61.2,6.5,64,6.5,41,100,139,48,110,140,,,,,,,,,,
2362,15,34,70,9.5,70,10.8,68,140,171,69,130,165,,,,,,,,,,
2363,15,35,80,7,80,7.5,45,100,140,40,102,140,,,,,,,,,,
2364,15,36,79,7.8,65,7.6,78,145,180,65,131,166,,,,,,,,,,
2365,15,37,63.5,6.7,69,7.6,30,81,110,35,94,120,,,,,,,,,,
2366,15,38,70,9.1,61,9,60,120,155,62,129,159,,,,,,,,,,
2367,15,39,64,8.1,61,8.5,30,97,128,36,100,132,,,,,,,,,,
2368,15,40,61.2,7.5,58,8,50,109,140,52,110,140,,,,,,,,,,
2369,15,41,56.5,6.5,58,5.8,38,95,132,40,82,122,,,,,,,,,,
2370,15,42,63,8,74,7.7,80,90,124,52,90,120,,,,,,,,,,
2371,15,43,71,9.7,69,9.5,50,136,169,65,138,171,,,,,,,,,,
2372,15,44,68.5,8.2,68.5,8.4,67,130,171,59,128,170,,,,,,,,,,
2373,15,45,56.5,6.5,56,6.6,20,90,114,33,94,120,,,,,,,,,,
2374,15,46,64,6.1,63,6.4,38,125,159,33,108,145,,,,,,,,,,
2375,15,47,71.5,6.7,75,6.6,68,140,180,58,130,178,,,,,,,,,,
2376,15,48,69,8,68,8,N/A,121,154,62,127,160,,,,,,,,,,
2377,15,49,64.5,8.5,70.5,9,69,142,175,58,135,168,,,,,,,,,,
2378,15,50,61.8,6.2,63.5,6.2,41,144,181,35,129,170,,,,,,,,,,
2379,15,51,64,6,65,7.1,46,110,150,51,110,142,,,,,,,,,,
2380,15,52,66,5.4,66,6.4,36,98,141,40,110,140,,,,,,,,,,
2381,15,53,63.5,8.6,67.3,9,60,156,201,70,155,200,,,,,,,,,,
2382,15,54,65.7,8.6,67.2,8,70,171,215,79,162,210,,,,,,,,,,
2383,15,55,66.4,8.8,65,8,60,150,195,80,168,209,,,,,,,,,,
2384,15,56,65,8.2,61.6,8.5,80,163,200,70,152,200,,,,,,,,,,
2385,15,57,66.1,8,63.5,8,72,169,210,70,142,184,,,,,,,,,,
