Genotype,LeafLength1,LeafLength2,year2022,year2021,year2020,year2022_1,year2020_1,year2021_1
11430,,,1,0,0,1,0,0
11430,,,1,0,0,0,0,0
207,67.7,66,1,0,0,1,0,0
207,69,71.5,1,0,0,0,0,0
29MIBZ2,71,77,1,0,0,1,0,0
29MIBZ2,73,75,1,0,0,0,0,0
2FACC,70.5,72,1,0,0,1,0,0
2FACC,70,67,1,0,0,0,0,0
2MA22,67.7,66.1,1,0,0,1,0,0
2MA22,77.1,75,1,0,0,0,0,0
33-16,68.5,,1,0,0,1,0,0
33-16,,,1,0,0,0,0,0
38-11,83,90.5,1,0,0,1,0,0
38-11,80,84,1,0,0,0,0,0
3IIH6,67.5,71,1,0,0,1,0,0
3IIH6,76.1,74,1,0,0,0,0,0
4226,53.5,57.5,1,0,0,1,0,0
4226,85.1,73.1,1,0,0,0,0,0
4676A,74,78.5,1,0,0,1,0,0
4676A,80,80,1,0,0,0,0,0
4722,72,71.8,1,0,0,1,0,0
4722,68,67.5,1,0,0,0,0,0
5707,85.2,92,1,0,0,1,0,0
5707,78,75.5,1,0,0,0,0,0
6F629,68.5,71,1,0,0,1,0,0
6F629,66,66.3,1,0,0,0,0,0
764,69.2,70.8,1,0,0,1,0,0
764,66,60,1,0,0,0,0,0
778,,,1,0,0,1,0,0
778,63.8,63,1,0,0,0,0,0
779,62,53.5,1,0,0,1,0,0
779,61.2,64,1,0,0,0,0,0
78010,70.5,71,1,0,0,1,0,0
78010,76,71,1,0,0,0,0,0
78371A,72,67,1,0,0,1,0,0
78371A,73,76.5,1,0,0,0,0,0
78551S,67,75,1,0,0,1,0,0
78551S,62.7,58.9,1,0,0,0,0,0
792,75,87,1,0,0,1,0,0
792,79.5,80.1,1,0,0,0,0,0
793,75,77,1,0,0,1,0,0
793,67,69.5,1,0,0,0,0,0
807,,,1,0,0,1,0,0
807,57.5,64,1,0,0,0,0,0
A188,61.5,50,1,0,0,1,0,0
A188,56.5,55.6,1,0,0,0,0,0
A239,73.1,73.5,1,0,0,1,0,0
A239,74,70.5,1,0,0,0,0,0
A441-5,89,97,1,0,0,1,0,0
A441-5,79.3,95.2,1,0,0,0,0,0
A554,63,57.5,1,0,0,1,0,0
A554,62.6,60.1,1,0,0,0,0,0
A619,,,1,0,0,1,0,0
A619,67,63,1,0,0,0,0,0
A632,77.5,74.5,1,0,0,1,0,0
A632,73.5,80,1,0,0,0,0,0
A634,71.8,70.3,1,0,0,1,0,0
A634,74.6,78.2,1,0,0,0,0,0
A635,67,68,1,0,0,1,0,0
A635,71,59,1,0,0,0,0,0
A641,61.5,62,1,0,0,1,0,0
A641,65.6,66,1,0,0,0,0,0
A654,58,60,1,0,0,1,0,0
A654,56,52,1,0,0,0,0,0
A659,83,81,1,0,0,1,0,0
A659,76,82,1,0,0,0,0,0
A661,60.5,64.5,1,0,0,1,0,0
A661,61.5,65,1,0,0,0,0,0
A679,,,1,0,0,1,0,0
A679,67.5,74,1,0,0,0,0,0
A680,79.7,74,1,0,0,1,0,0
A680,81,87.5,1,0,0,0,0,0
A682,72,74.5,1,0,0,1,0,0
A682,68.3,66.8,1,0,0,0,0,0
AQA3,76.5,81,1,0,0,1,0,0
AQA3,69,68,1,0,0,0,0,0
B10,76,80,1,0,0,1,0,0
B10,81,78,1,0,0,0,0,0
B103,73,75,1,0,0,1,0,0
B103,72.5,72.1,1,0,0,0,0,0
B104,82.5,79.5,1,0,0,1,0,0
B104,86,85,1,0,0,0,0,0
B109,73.5,77.5,1,0,0,1,0,0
B109,72.4,71.5,1,0,0,0,0,0
B14A,88.5,86,1,0,0,1,0,0
B14A,80.4,80.5,1,0,0,0,0,0
B164,80.5,79.5,1,0,0,1,0,0
B164,71.2,73,1,0,0,0,0,0
B2,66,66.5,1,0,0,1,0,0
B2,56,60.8,1,0,0,0,0,0
B37,70,75.2,1,0,0,1,0,0
B37,65.8,68.5,1,0,0,0,0,0
B46,78,74,1,0,0,1,0,0
B46,83,83,1,0,0,0,0,0
B52,76,77,1,0,0,1,0,0
B52,70.5,71.7,1,0,0,0,0,0
B57,80,79,1,0,0,1,0,0
B57,73,77,1,0,0,0,0,0
B64,87.3,86.1,1,0,0,1,0,0
B64,79,84,1,0,0,0,0,0
B68,,,1,0,0,1,0,0
B68,85,88,1,0,0,0,0,0
B73Htrhm,78,69,1,0,0,1,0,0
B73Htrhm,91,78.5,1,0,0,0,0,0
B75,76.5,80,1,0,0,1,0,0
B75,81,92,1,0,0,0,0,0
B76,66.5,63.2,1,0,0,1,0,0
B76,65,72.5,1,0,0,0,0,0
B77,77.5,75,1,0,0,1,0,0
B77,76,79,1,0,0,0,0,0
B79,69.2,44.4,1,0,0,1,0,0
B79,73.1,72,1,0,0,0,0,0
B84,82,81,1,0,0,1,0,0
B84,77.5,77,1,0,0,0,0,0
B97,70.5,69,1,0,0,1,0,0
B97,75.5,74,1,0,0,0,0,0
Black Jewell 85,42,43,1,0,0,1,0,0
Black Jewell 85,58,62,1,0,0,0,0,0
BO9,62.5,62.5,1,0,0,1,0,0
BO9,64,59,1,0,0,0,0,0
C103,80,78.2,1,0,0,1,0,0
C103,74.3,75,1,0,0,0,0,0
C49A,60,53,1,0,0,1,0,0
C49A,57.5,56.6,1,0,0,0,0,0
CH701-30,60,62.1,1,0,0,1,0,0
CH701-30,66,66,1,0,0,0,0,0
CH9,61,65.5,1,0,0,1,0,0
CH9,73.5,63.5,1,0,0,0,0,0
CI.7,79.9,76,1,0,0,1,0,0
CI.7,83,73.5,1,0,0,0,0,0
CI187-2,59,63,1,0,0,1,0,0
CI187-2,62.5,64,1,0,0,0,0,0
CI21E,160,87.5,1,0,0,1,0,0
CI21E,,,1,0,0,0,0,0
CI28A,,,1,0,0,1,0,0
CI28A,,,1,0,0,0,0,0
CI31A,74,74.5,1,0,0,1,0,0
CI31A,,,1,0,0,0,0,0
CI3A,80,87,1,0,0,1,0,0
CI3A,,,1,0,0,0,0,0
CI64,70.5,78.5,1,0,0,1,0,0
CI64,65,65.6,1,0,0,0,0,0
CI66,,,1,0,0,1,0,0
CI66,63,74,1,0,0,0,0,0
CI90C,,,1,0,0,1,0,0
CI90C,86,83.5,1,0,0,0,0,0
CI91B,60,63,1,0,0,1,0,0
CI91B,63.5,62,1,0,0,0,0,0
CM105,73,81,1,0,0,1,0,0
CM105,70,69.7,1,0,0,0,0,0
CM174,71,72,1,0,0,1,0,0
CM174,70,67,1,0,0,0,0,0
CM37,55.5,54.5,1,0,0,1,0,0
CM37,56.5,58,1,0,0,0,0,0
CML10,,,1,0,0,1,0,0
CML10,,,1,0,0,0,0,0
CML103,,,1,0,0,1,0,0
CML103,82,77.2,1,0,0,0,0,0
CML108,91.5,83,1,0,0,1,0,0
CML108,84,81.2,1,0,0,0,0,0
CML11,,,1,0,0,1,0,0
CML11,,,1,0,0,0,0,0
CML154Q,,,1,0,0,1,0,0
CML154Q,88.15,83.5,1,0,0,0,0,0
CML220,79,83.9,1,0,0,1,0,0
CML220,64,65,1,0,0,0,0,0
CML238,,,1,0,0,1,0,0
CML238,,,1,0,0,0,0,0
CML247,,,1,0,0,1,0,0
CML247,,,1,0,0,0,0,0
CML254,,,1,0,0,1,0,0
CML254,,,1,0,0,0,0,0
CML261,,,1,0,0,1,0,0
CML261,,,1,0,0,0,0,0
CML264,,,1,0,0,1,0,0
CML264,,,1,0,0,0,0,0
CML277,,,1,0,0,1,0,0
CML277,,,1,0,0,0,0,0
CML281,,,1,0,0,1,0,0
CML281,,,1,0,0,0,0,0
CML287,,,1,0,0,1,0,0
CML287,,,1,0,0,0,0,0
CML321,,,1,0,0,1,0,0
CML321,,,1,0,0,0,0,0
CML322,,,1,0,0,1,0,0
CML322,69.5,67,1,0,0,0,0,0
CML323,69.2,54,1,0,0,1,0,0
CML323,90,91.5,1,0,0,0,0,0
CML328,86,72.5,1,0,0,1,0,0
CML328,73,74.7,1,0,0,0,0,0
CML331,,,1,0,0,1,0,0
CML331,,,1,0,0,0,0,0
CML332,,,1,0,0,1,0,0
CML332,,,1,0,0,0,0,0
CML333,74.5,74.3,1,0,0,1,0,0
CML333,83,79.7,1,0,0,0,0,0
CML38,,,1,0,0,1,0,0
CML38,,,1,0,0,0,0,0
CML52,,,1,0,0,1,0,0
CML52,,,1,0,0,0,0,0
CML69,,,1,0,0,1,0,0
CML69,,,1,0,0,0,0,0
CML91,71,76.3,1,0,0,1,0,0
CML91,76,78,1,0,0,0,0,0
CML92,92.9,96.9,1,0,0,1,0,0
CML92,84,82.5,1,0,0,0,0,0
CO125,60,59,1,0,0,1,0,0
CO125,63,62,1,0,0,0,0,0
CO255,,,1,0,0,1,0,0
CO255,57.5,63.5,1,0,0,0,0,0
CQ702RC,85.5,93,1,0,0,1,0,0
CQ702RC,81,83,1,0,0,0,0,0
CR14,65.7,62,1,0,0,1,0,0
CR14,74.5,61,1,0,0,0,0,0
CR1HT,88.3,62.3,1,0,0,1,0,0
CR1HT,65,70,1,0,0,0,0,0
CS405,,,1,0,0,1,0,0
CS405,71,67,1,0,0,0,0,0
D940Y,85.5,95,1,0,0,1,0,0
D940Y,98,82.5,1,0,0,0,0,0
DE_2,74.1,78,1,0,0,1,0,0
DE_2,75,74.5,1,0,0,0,0,0
DE1,73,72.1,1,0,0,1,0,0
DE1,74,69,1,0,0,0,0,0
DE811,75,83,1,0,0,1,0,0
DE811,82,76.5,1,0,0,0,0,0
DJ7,74.6,80.2,1,0,0,1,0,0
DJ7,72,74.5,1,0,0,0,0,0
E2558W,94.5,96.4,1,0,0,1,0,0
E2558W,82.6,89.5,1,0,0,0,0,0
E8501,66.2,71.5,1,0,0,1,0,0
E8501,68.5,66,1,0,0,0,0,0
EP1,50.8,49.5,1,0,0,1,0,0
EP1,57,56.6,1,0,0,0,0,0
F118,93,88.5,1,0,0,1,0,0
F118,73,81.3,1,0,0,0,0,0
F2834T,73,69.5,1,0,0,1,0,0
F2834T,79.5,81.2,1,0,0,0,0,0
F42,,,1,0,0,1,0,0
F42,61.8,63.5,1,0,0,0,0,0
F7,68,63,1,0,0,1,0,0
F7,63,69,1,0,0,0,0,0
FAPW,68.4,73,1,0,0,1,0,0
FAPW,63.5,66,1,0,0,0,0,0
FBHJ,87,78.7,1,0,0,1,0,0
FBHJ,77.5,82,1,0,0,0,0,0
FBLA,75.5,68.5,1,0,0,1,0,0
FBLA,68.7,68.9,1,0,0,0,0,0
FR19,71.5,71.5,1,0,0,1,0,0
FR19,69.5,70,1,0,0,0,0,0
G80,73,76,1,0,0,1,0,0
G80,73.5,71,1,0,0,0,0,0
GA209,,,1,0,0,1,0,0
GA209,81,88,1,0,0,0,0,0
H105W,79.7,73,1,0,0,1,0,0
H105W,82,82.5,1,0,0,0,0,0
H49,72,73.9,1,0,0,1,0,0
H49,76.5,76.3,1,0,0,0,0,0
H84,67.5,69,1,0,0,1,0,0
H84,69,65.3,1,0,0,0,0,0
H8431,,,1,0,0,1,0,0
H8431,69,65,1,0,0,0,0,0
H91,,,1,0,0,1,0,0
H91,86,80,1,0,0,0,0,0
H95,70,74,1,0,0,1,0,0
H95,77,72,1,0,0,0,0,0
H99,65.5,65,1,0,0,1,0,0
H99,63.5,69,1,0,0,0,0,0
HB8229,63,81.5,1,0,0,1,0,0
HB8229,72,74,1,0,0,0,0,0
HBA1,85.6,85.5,1,0,0,1,0,0
HBA1,83,80.7,1,0,0,0,0,0
Hi27,,,1,0,0,1,0,0
Hi27,,,1,0,0,0,0,0
HP301,79,82,1,0,0,1,0,0
HP301,68.6,71,1,0,0,0,0,0
Hy,81,83,1,0,0,1,0,0
Hy,,,1,0,0,0,0,0
I137TN,84.5,77,1,0,0,1,0,0
I137TN,,,1,0,0,0,0,0
I205,72,68,1,0,0,1,0,0
I205,73.5,70.5,1,0,0,0,0,0
I29,,,1,0,0,1,0,0
I29,66,70,1,0,0,0,0,0
IA2132,,,1,0,0,1,0,0
IA2132,69,65,1,0,0,0,0,0
Ia5125,99,85,1,0,0,1,0,0
Ia5125,89,88,1,0,0,0,0,0
ICI 740,70,75.5,1,0,0,1,0,0
ICI 740,83,80.5,1,0,0,0,0,0
IDS28,72,73,1,0,0,1,0,0
IDS28,58,60,1,0,0,0,0,0
IDS69,60,67.3,1,0,0,1,0,0
IDS69,70,68.5,1,0,0,0,0,0
IDS91,84,80.5,1,0,0,1,0,0
IDS91,84,82.7,1,0,0,0,0,0
Il14H,,,1,0,0,1,0,0
Il14H,72.5,82.5,1,0,0,0,0,0
Il677a,66,63,1,0,0,1,0,0
Il677a,64,64,1,0,0,0,0,0
K4,71.5,75,1,0,0,1,0,0
K4,78,72,1,0,0,0,0,0
K55,69,65.5,1,0,0,1,0,0
K55,60.1,54,1,0,0,0,0,0
K64,72.5,73.5,1,0,0,1,0,0
K64,80.5,80.5,1,0,0,0,0,0
Ki11,,,1,0,0,1,0,0
Ki11,,,1,0,0,0,0,0
Ki14,,,1,0,0,1,0,0
Ki14,,,1,0,0,0,0,0
Kui2021,,,1,0,0,1,0,0
Kui2021,,,1,0,0,0,0,0
Ky21,,,1,0,0,1,0,0
Ky21,74.2,74,1,0,0,0,0,0
Ky226,68.5,81,1,0,0,1,0,0
Ky226,76.5,72.5,1,0,0,0,0,0
KY228,65,70,1,0,0,1,0,0
KY228,82.4,79.5,1,0,0,0,0,0
L127,,,1,0,0,1,0,0
L127,70.5,70,1,0,0,0,0,0
L317,72,78,1,0,0,1,0,0
L317,67,65.4,1,0,0,0,0,0
L578,84,85,1,0,0,1,0,0
L578,,,1,0,0,0,0,0
LH1,73.3,76.3,1,0,0,1,0,0
LH1,70,74,1,0,0,0,0,0
LH123HT,76,75.5,1,0,0,1,0,0
LH123HT,82.3,77.5,1,0,0,0,0,0
LH145,72.6,62.5,1,0,0,1,0,0
LH145,65.1,65.3,1,0,0,0,0,0
LH146Ht,78.7,74,1,0,0,1,0,0
LH146Ht,78,78.1,1,0,0,0,0,0
LH150,74,76,1,0,0,1,0,0
LH150,79.5,77,1,0,0,0,0,0
LH183,66.5,65,1,0,0,1,0,0
LH183,72.1,74,1,0,0,0,0,0
LH208,81.2,80,1,0,0,1,0,0
LH208,79.7,74,1,0,0,0,0,0
LH213,71,74,1,0,0,1,0,0
LH213,74,69,1,0,0,0,0,0
LH38,64.5,69.2,1,0,0,1,0,0
LH38,68,60,1,0,0,0,0,0
LH39,67.5,72,1,0,0,1,0,0
LH39,65.7,65.8,1,0,0,0,0,0
LH51,62.6,58.7,1,0,0,1,0,0
LH51,70.5,66.5,1,0,0,0,0,0
LH54,57,58.8,1,0,0,1,0,0
LH54,61.2,58,1,0,0,0,0,0
LH57,69.5,71,1,0,0,1,0,0
LH57,64,61,1,0,0,0,0,0
LH60,60,70.5,1,0,0,1,0,0
LH60,68,68,1,0,0,0,0,0
LH74,83,82,1,0,0,1,0,0
LH74,81,84,1,0,0,0,0,0
LH82,,,1,0,0,1,0,0
LH82,67,70.5,1,0,0,0,0,0
LH85,,,1,0,0,1,0,0
LH85,54.5,56.5,1,0,0,0,0,0
LH93,63.9,54.1,1,0,0,1,0,0
LH93,71.5,69.5,1,0,0,0,0,0
LP1 NR HT,81.5,83,1,0,0,1,0,0
LP1 NR HT,91.5,86,1,0,0,0,0,0
LP5,,,1,0,0,1,0,0
LP5,65.7,69.3,1,0,0,0,0,0
M162W,74,72.5,1,0,0,1,0,0
M162W,80,76.5,1,0,0,0,0,0
M37W,97.5,,1,0,0,1,0,0
M37W,84,82,1,0,0,0,0,0
MBNA,65,72,1,0,0,1,0,0
MBNA,81.5,80.5,1,0,0,0,0,0
MBST,78.3,76,1,0,0,1,0,0
MBST,82,76.8,1,0,0,0,0,0
MDF-13D,80,84,1,0,0,1,0,0
MDF-13D,80,78,1,0,0,0,0,0
ML606,78.6,74,1,0,0,1,0,0
ML606,70,70,1,0,0,0,0,0
Mo17,79,79,1,0,0,1,0,0
Mo17,61,66,1,0,0,0,0,0
Mo18W,89,100,1,0,0,1,0,0
Mo18W,94,96.2,1,0,0,0,0,0
MO1W,67.5,66,1,0,0,1,0,0
MO1W,69,69,1,0,0,0,0,0
Mo24W,,,1,0,0,1,0,0
Mo24W,86,88,1,0,0,0,0,0
Mo44,85,82.4,1,0,0,1,0,0
Mo44,92,90.3,1,0,0,0,0,0
Mo45,82,80,1,0,0,1,0,0
Mo45,93,90.5,1,0,0,0,0,0
Mo46,72,70,1,0,0,1,0,0
Mo46,84,81,1,0,0,0,0,0
Mo47,85.3,94.7,1,0,0,1,0,0
Mo47,80,80,1,0,0,0,0,0
MoG,73.6,71.5,1,0,0,1,0,0
MoG,75.5,70,1,0,0,0,0,0
MQ305,78,81,1,0,0,1,0,0
MQ305,80,82,1,0,0,0,0,0
MS1334,,,1,0,0,1,0,0
MS1334,62,70,1,0,0,0,0,0
MS71,64,83.7,1,0,0,1,0,0
MS71,83,87,1,0,0,0,0,0
Mt42,59.8,59.8,1,0,0,1,0,0
Mt42,62,62.1,1,0,0,0,0,0
N192,77,74,1,0,0,1,0,0
N192,76.5,76.5,1,0,0,0,0,0
N28Ht,74,67.4,1,0,0,1,0,0
N28Ht,68,69,1,0,0,0,0,0
N6,77,78.5,1,0,0,1,0,0
N6,74,69,1,0,0,0,0,0
N7A,70.5,72.3,1,0,0,1,0,0
N7A,69.5,73.5,1,0,0,0,0,0
NC222,85.3,93,1,0,0,1,0,0
NC222,74.6,72,1,0,0,0,0,0
NC230,70.1,76.6,1,0,0,1,0,0
NC230,80.5,63,1,0,0,0,0,0
NC232,82.4,84,1,0,0,1,0,0
NC232,80.1,72.2,1,0,0,0,0,0
NC234,69.5,74,1,0,0,1,0,0
NC234,69.6,69.8,1,0,0,0,0,0
NC236,85.6,93,1,0,0,1,0,0
NC236,69,74.5,1,0,0,0,0,0
NC250,79,86.5,1,0,0,1,0,0
NC250,82.5,80,1,0,0,0,0,0
NC258,,,1,0,0,1,0,0
NC258,90,89.7,1,0,0,0,0,0
NC260,65.5,60,1,0,0,1,0,0
NC260,75,65.5,1,0,0,0,0,0
NC262,68,71,1,0,0,1,0,0
NC262,69.5,76,1,0,0,0,0,0
NC264,81,78.4,1,0,0,1,0,0
NC264,73.1,77.8,1,0,0,0,0,0
NC290A,74.3,76.2,1,0,0,1,0,0
NC290A,77,78,1,0,0,0,0,0
NC294,105.6,68.2,1,0,0,1,0,0
NC294,62,61,1,0,0,0,0,0
NC296,84,90.5,1,0,0,1,0,0
NC296,80.5,80,1,0,0,0,0,0
NC298,62,66,1,0,0,1,0,0
NC298,64,64.8,1,0,0,0,0,0
NC300,,,1,0,0,1,0,0
NC300,,,1,0,0,0,0,0
NC302,84,71.5,1,0,0,1,0,0
NC302,85,79,1,0,0,0,0,0
NC306,70.3,74,1,0,0,1,0,0
NC306,70.2,69.5,1,0,0,0,0,0
NC310,68.5,78,1,0,0,1,0,0
NC310,70,74,1,0,0,0,0,0
NC314,70,73,1,0,0,1,0,0
NC314,69,67,1,0,0,0,0,0
NC318,78.6,75.6,1,0,0,1,0,0
NC318,78.5,82.4,1,0,0,0,0,0
NC320,88.2,85.5,1,0,0,1,0,0
NC320,89.3,95,1,0,0,0,0,0
NC326,83.5,84.5,1,0,0,1,0,0
NC326,,,1,0,0,0,0,0
NC328,71.4,72.4,1,0,0,1,0,0
NC328,78,74,1,0,0,0,0,0
NC33,,,1,0,0,1,0,0
NC33,,,1,0,0,0,0,0
NC336,83.5,81,1,0,0,1,0,0
NC336,86.3,86.3,1,0,0,0,0,0
NC338,57,63,1,0,0,1,0,0
NC338,,,1,0,0,0,0,0
NC340,75,74.4,1,0,0,1,0,0
NC340,61.2,65,1,0,0,0,0,0
NC342,77,77,1,0,0,1,0,0
NC342,83.5,78.5,1,0,0,0,0,0
NC344,94.2,85,1,0,0,1,0,0
NC344,53.4,67,1,0,0,0,0,0
NC346,79.5,88,1,0,0,1,0,0
NC346,74.7,84.8,1,0,0,0,0,0
NC348,72.5,70,1,0,0,1,0,0
NC348,73.5,76,1,0,0,0,0,0
NC350,91.5,94,1,0,0,1,0,0
NC350,111,97,1,0,0,0,0,0
NC352,85,88,1,0,0,1,0,0
NC352,83.5,78,1,0,0,0,0,0
NC356,77.6,75,1,0,0,1,0,0
NC356,73.2,77,1,0,0,0,0,0
NC358,68.7,62,1,0,0,1,0,0
NC358,87.7,51.5,1,0,0,0,0,0
NC360,82,83.5,1,0,0,1,0,0
NC360,82,81.8,1,0,0,0,0,0
NC362,79.7,80.3,1,0,0,1,0,0
NC362,80,72.1,1,0,0,0,0,0
NC364,72,71.5,1,0,0,1,0,0
NC364,71.5,75,1,0,0,0,0,0
NC366,83.5,84,1,0,0,1,0,0
NC366,82,77,1,0,0,0,0,0
NC368,80.5,78.6,1,0,0,1,0,0
NC368,72,75,1,0,0,0,0,0
ND246,47.1,49.5,1,0,0,1,0,0
ND246,59.5,53,1,0,0,0,0,0
NQ508,69.1,68,1,0,0,1,0,0
NQ508,67,69,1,0,0,0,0,0
NS501,69.5,74.3,1,0,0,1,0,0
NS501,62.5,66.5,1,0,0,0,0,0
NS701,79.5,79,1,0,0,1,0,0
NS701,67.3,66.3,1,0,0,0,0,0
Oh40B,80,74,1,0,0,1,0,0
Oh40B,72,71,1,0,0,0,0,0
Oh43,,,1,0,0,1,0,0
Oh43,63,70.5,1,0,0,0,0,0
Oh43E,80,85.5,1,0,0,1,0,0
Oh43E,68,75,1,0,0,0,0,0
OH7B,82,85,1,0,0,1,0,0
OH7B,81.3,80.5,1,0,0,0,0,0
OQ403,68,67,1,0,0,1,0,0
OQ403,62,67,1,0,0,0,0,0
Os420,,,1,0,0,1,0,0
Os420,95,75,1,0,0,0,0,0
P39,62,60,1,0,0,1,0,0
P39,66,66,1,0,0,0,0,0
Pa762,64,62,1,0,0,1,0,0
Pa762,56.3,56.7,1,0,0,0,0,0
Pa875,61.5,67.7,1,0,0,1,0,0
Pa875,69,65.9,1,0,0,0,0,0
Pa880,83.5,86.6,1,0,0,1,0,0
Pa880,81.5,76.6,1,0,0,0,0,0
Pa91,86.3,86.5,1,0,0,1,0,0
Pa91,97,89,1,0,0,0,0,0
PB80,84.5,88,1,0,0,1,0,0
PB80,71.8,78.2,1,0,0,0,0,0
PHG35,,,1,0,0,1,0,0
PHG35,68.5,79.9,1,0,0,0,0,0
PHG39,86.3,82.8,1,0,0,1,0,0
PHG39,84,85.5,1,0,0,0,0,0
PHG47,,,1,0,0,1,0,0
PHG47,52.7,58.5,1,0,0,0,0,0
PHG50,77,68,1,0,0,1,0,0
PHG50,70,69.5,1,0,0,0,0,0
PHG71,76,72,1,0,0,1,0,0
PHG71,73,76,1,0,0,0,0,0
PHG72,73.6,76,1,0,0,1,0,0
PHG72,64,68,1,0,0,0,0,0
PHG83,77,77,1,0,0,1,0,0
PHG83,71.2,71.5,1,0,0,0,0,0
PHG84,83.5,83.2,1,0,0,1,0,0
PHG84,79.2,78.2,1,0,0,0,0,0
PHG86,75,75,1,0,0,1,0,0
PHG86,86,77,1,0,0,0,0,0
PHH93,68,74.5,1,0,0,1,0,0
PHH93,79,74,1,0,0,0,0,0
PHJ40,65.7,62,1,0,0,1,0,0
PHJ40,60.5,63,1,0,0,0,0,0
PHK76,65.5,62.5,1,0,0,1,0,0
PHK76,56,61,1,0,0,0,0,0
PHN11,70.7,73,1,0,0,1,0,0
PHN11,69.1,69,1,0,0,0,0,0
PHR36,55,60,1,0,0,1,0,0
PHR36,61,60,1,0,0,0,0,0
PHT77,61.5,62.5,1,0,0,1,0,0
PHT77,67,61.5,1,0,0,0,0,0
PHV63,86.5,87.5,1,0,0,1,0,0
PHV63,66.6,76,1,0,0,0,0,0
PHW17,71.5,75,1,0,0,1,0,0
PHW17,72,70.5,1,0,0,0,0,0
PHW43,76,73.5,1,0,0,1,0,0
PHW43,74,69,1,0,0,0,0,0
PHW65,69,70.2,1,0,0,1,0,0
PHW65,73,75,1,0,0,0,0,0
PHWG5,76,75.8,1,0,0,1,0,0
PHWG5,75.5,76,1,0,0,0,0,0
PHZ51,71.5,73,1,0,0,1,0,0
PHZ51,70.8,68,1,0,0,0,0,0
POP-N-EAT,81,76.5,1,0,0,1,0,0
POP-N-EAT,67,77,1,0,0,0,0,0
Q381,,,1,0,0,1,0,0
Q381,76,79,1,0,0,0,0,0
R109B,72.3,72.5,1,0,0,1,0,0
R109B,77,81,1,0,0,0,0,0
R168,,,1,0,0,1,0,0
R168,86.1,79,1,0,0,0,0,0
R177,74.5,79,1,0,0,1,0,0
R177,74.5,75.5,1,0,0,0,0,0
R229,78,74,1,0,0,1,0,0
R229,79,74,1,0,0,0,0,0
R4,75.5,70,1,0,0,1,0,0
R4,72,71,1,0,0,0,0,0
RS 710,56.5,55,1,0,0,1,0,0
RS 710,56.5,56,1,0,0,0,0,0
S8324,,,1,0,0,1,0,0
S8324,64,63,1,0,0,0,0,0
S8326,69.1,73.7,1,0,0,1,0,0
S8326,67.6,68,1,0,0,0,0,0
SA24,83,87,1,0,0,1,0,0
SA24,84,85.5,1,0,0,0,0,0
SC357,81.5,85,1,0,0,1,0,0
SC357,93,88,1,0,0,0,0,0
SC55,71.8,81.5,1,0,0,1,0,0
SC55,70,67.5,1,0,0,0,0,0
SD40,76,74.5,1,0,0,1,0,0
SD40,70,70.5,1,0,0,0,0,0
SD44,63.2,68.5,1,0,0,1,0,0
SD44,71,76,1,0,0,0,0,0
Seagull Seventeen,68.3,61.5,1,0,0,1,0,0
Seagull Seventeen,62,61,1,0,0,0,0,0
Sg1533,88.5,94,1,0,0,1,0,0
Sg1533,79.1,80.7,1,0,0,0,0,0
Sg18,,,1,0,0,1,0,0
Sg18,80,82,1,0,0,0,0,0
T234,60,67,1,0,0,1,0,0
T234,75.5,80,1,0,0,0,0,0
T8,70,77,1,0,0,1,0,0
T8,86.5,82,1,0,0,0,0,0
Tx303,81,83.5,1,0,0,1,0,0
Tx303,81,86,1,0,0,0,0,0
Tx601,,,1,0,0,1,0,0
Tx601,,,1,0,0,0,0,0
Tzi10,111,110,1,0,0,1,0,0
Tzi10,,,1,0,0,0,0,0
Tzi11,69.5,74,1,0,0,1,0,0
Tzi11,73.5,69.5,1,0,0,0,0,0
Tzi16,,,1,0,0,1,0,0
Tzi16,85,85.5,1,0,0,0,0,0
Tzi18,,,1,0,0,1,0,0
Tzi18,,,1,0,0,0,0,0
Tzi25,77,75.5,1,0,0,1,0,0
Tzi25,78.5,75.8,1,0,0,0,0,0
Va14,78.5,78.5,1,0,0,1,0,0
Va14,84,82,1,0,0,0,0,0
Va17,78.5,76.7,1,0,0,1,0,0
Va17,85.5,79.5,1,0,0,0,0,0
Va22,77.5,82,1,0,0,1,0,0
Va22,69.5,75.5,1,0,0,0,0,0
Va26,,,1,0,0,1,0,0
Va26,75.6,72.7,1,0,0,0,0,0
Va35,70,68,1,0,0,1,0,0
Va35,67,69,1,0,0,0,0,0
Va59,64,63,1,0,0,1,0,0
Va59,69.5,69,1,0,0,0,0,0
Va85,80,80,1,0,0,1,0,0
Va85,95.5,91,1,0,0,0,0,0
Va99,59.2,59.2,1,0,0,1,0,0
Va99,73.5,73.2,1,0,0,0,0,0
W117HT,63,59,1,0,0,1,0,0
W117HT,57,59,1,0,0,0,0,0
W153R,,,1,0,0,1,0,0
W153R,42.5,50.5,1,0,0,0,0,0
W182B,,,1,0,0,1,0,0
W182B,57.2,62.8,1,0,0,0,0,0
W22,63,64,1,0,0,1,0,0
W22,69,68,1,0,0,0,0,0
W64A,72,70,1,0,0,1,0,0
W64A,65,65,1,0,0,0,0,0
Wf9,66.1,70.9,1,0,0,1,0,0
Wf9,74.8,80,1,0,0,0,0,0
WIL500,82,80,1,0,0,1,0,0
WIL500,75.3,80,1,0,0,0,0,0
Yu796_NS,67,74,1,0,0,1,0,0
Yu796_NS,68.5,68.5,1,0,0,0,0,0
ZS365,66,68.5,1,0,0,1,0,0
ZS365,69,72,1,0,0,0,0,0
